# athena_event_details,athena id,external id,datetime,time error,time rms,latitude,longitude,ellipse major,ellipse minor,magnitude,magnitude type,depth (km),depth error,num. stations,num. phases,azimuth gap,analysis type,place,major place,athena database id,error ellipse max axis length (km),error ellipse max axis azimuth (deg),error ellipse max axis dip (deg),error ellipse intermediate axis length (km),error ellipse intermediate axis azimuth (deg),error ellipse intermediate axis dip (deg),error ellipse min axis length (km),error ellipse min axis azimuth (deg),error ellipse min axis dip (deg),seismic moment (N.m),corner frequency (Hz),stress drop (MPa),source radius (km),moment tensor np1 dip,moment tensor np1 strike,moment tensor np1 rake,tags,updated at,moment tensor np2 dip,moment tensor np2 strike,moment tensor np2 rake,event source type,reference elevation (km),horizontal error (km)
athena_event_details,20230220-50,,2023-02-20T22:56:57Z,,0.0,36.09,35.71,,,4.0,mb,10.00,0,0,0,0.0,m,Mediterranean Sea,192.0 km NE of Ammochostos,75124,0.0,0.0,0.0,0.0,0.0,0.0,0.0,0.0,0.0,,,,,,,,"",2023-02-21T12:27:17.825Z,,,,Nanometrics,0.0,
athena_event_details,20230220-49,,2023-02-20T19:09:22Z,,0.0,36.24,36.14,,,4.1,mb,5.00,0,0,0,0.0,m,,234.0 km NE of Ammochostos,75123,0.0,0.0,0.0,0.0,0.0,0.0,0.0,0.0,0.0,,,,,,,,"",2023-02-21T12:26:58.806Z,,,,Nanometrics,0.0,
athena_event_details,20230220-48,,2023-02-20T19:00:14Z,,0.0,36.1289,36.0653,,,4.2,mb,10.00,0,0,0,0.0,m,,222.0 km NE of Ammochostos,75122,0.0,0.0,0.0,0.0,0.0,0.0,0.0,0.0,0.0,,,,,,,,"",2023-02-21T12:26:40.324Z,,,,Nanometrics,0.0,
athena_event_details,20230220-46,,2023-02-20T18:30:53Z,,0.0,36.24,36.12,,,4.0,mb,5.00,0,0,0,0.0,m,,232.0 km NE of Ammochostos,75120,0.0,0.0,0.0,0.0,0.0,0.0,0.0,0.0,0.0,,,,,,,,"",2023-02-21T12:25:38.228Z,,,,Nanometrics,0.0,
athena_event_details,20230220-45,,2023-02-20T18:06:25Z,,0.0,36.16,35.93,,,4.0,mb,9.00,0,0,0,0.0,m,,213.0 km NE of Ammochostos,75119,0.0,0.0,0.0,0.0,0.0,0.0,0.0,0.0,0.0,,,,,,,,"",2023-02-21T12:25:23.062Z,,,,Nanometrics,0.0,
athena_event_details,20230220-44,,2023-02-20T17:38:44Z,,0.0,36.0786,36.0002,,,4.1,mb,10.00,0,0,0,0.0,m,,214.0 km NE of Ammochostos,75118,0.0,0.0,0.0,0.0,0.0,0.0,0.0,0.0,0.0,,,,,,,,"",2023-02-21T12:25:06.149Z,,,,Nanometrics,0.0,
athena_event_details,20230220-41,,2023-02-20T17:24:10Z,,0.0,36.1547,36.0333,,,4.0,mb,10.00,0,0,0,0.0,m,,221.0 km NE of Ammochostos,75115,0.0,0.0,0.0,0.0,0.0,0.0,0.0,0.0,0.0,,,,,,,,"",2023-02-21T12:24:17.888Z,,,,Nanometrics,0.0,
athena_event_details,20230220-37,,2023-02-20T17:04:25Z,,0.59,36.411,36.06216666666667,,,6.4,Ml,5.00,31.61,33,26,314.0,m,,239.0 km NE of Ammochostos,75107,31.61,0.0,90.0,3.92,146.0,0.0,2.54,236.0,0.0,,,,,,,,"",2023-02-21T06:57:26.157Z,,,,Nanometrics,0.114,
athena_event_details,20230216-18,,2023-02-16T19:47:53Z,,0.79,35.688,36.023,,,5.0,Ml,17.14,48.74,33,23,333.0,m,,198.0 km E of Ammochostos,75028,62.38,65.0,51.0,7.85,158.0,2.0,2.68,250.0,39.0,,,,,,,,felt,2023-02-17T09:42:38.209Z,,,,Nanometrics,0.114,
athena_event_details,20230216-19,,2023-02-16T11:16:16Z,,0.74,35.970166666666664,36.49283333333333,,,5.0,Ml,11.00,46.90,33,21,335.0,m,,249.0 km NE of Ammochostos,75029,59.99,66.0,51.0,10.09,337.0,0.0,2.63,247.0,39.0,,,,,,,,"",2023-02-17T10:14:52.759Z,,,,Nanometrics,0.183,
athena_event_details,20230214-8,,2023-02-14T21:53:18Z,,0.0,36.5115,36.4428,,,4.0,mb,5.00,0,0,0,0.0,m,,273.0 km NE of Ammochostos,75037,0.0,0.0,0.0,0.0,0.0,0.0,0.0,0.0,0.0,,,,,,,,"",2023-02-17T14:41:57.450Z,,,,Nanometrics,0.0,
athena_event_details,20230213-7,,2023-02-13T19:20:27Z,,0.0,37.9984,36.4167,,,4.7,mb,10.00,0,0,0,0.0,m,,389.0 km NE of Ammochostos,75032,0.0,0.0,0.0,0.0,0.0,0.0,0.0,0.0,0.0,,,,,,,,"",2023-02-17T13:11:59.836Z,,,,Nanometrics,0.0,
athena_event_details,20230213-11,,2023-02-13T11:59:24Z,,1.37,36.644333333333336,36.2555,,,4.4,Ml,13.00,31.61,29,23,339.0,m,,268.0 km NE of Ammochostos,74919,31.61,0.0,90.0,17.38,150.0,0.0,5.73,240.0,0.0,,,,,,,,"",2023-02-14T07:26:36.047Z,,,,Nanometrics,0.183,
athena_event_details,20230212-19,,2023-02-12T18:33:14Z,,0.0,37.3802,36.98,,,4.7,mb,15.00,0,0,0,0.0,m,,370.0 km NE of Ammochostos,75011,0.0,0.0,0.0,0.0,0.0,0.0,0.0,0.0,0.0,,,,,,,,"",2023-02-16T11:37:33.593Z,,,,Nanometrics,0.0,
athena_event_details,20230212-17,,2023-02-12T14:30:04Z,,0.0,37.82,36.55,,,4.2,mb,5.00,0,0,0,0.0,m,,380.0 km NE of Ammochostos,75009,0.0,0.0,0.0,0.0,0.0,0.0,0.0,0.0,0.0,,,,,,,,"",2023-02-16T11:36:08.272Z,,,,Nanometrics,0.0,
athena_event_details,20230212-15,,2023-02-12T12:25:24Z,,0.0,36.9425,36.7077,,,4.2,mb,10.00,0,0,0,0.0,m,,320.0 km NE of Ammochostos,75007,0.0,0.0,0.0,0.0,0.0,0.0,0.0,0.0,0.0,,,,,,,,"",2023-02-16T11:35:27.881Z,,,,Nanometrics,0.0,
athena_event_details,20230212-13,,2023-02-12T04:46:31Z,,0.0,36.4679,36.3569,,,4.2,mb,5.00,0,0,0,0.0,m,,264.0 km NE of Ammochostos,75005,0.0,0.0,0.0,0.0,0.0,0.0,0.0,0.0,0.0,,,,,,,,"",2023-02-16T11:34:05.380Z,,,,Nanometrics,0.0,
athena_event_details,20230211-11,,2023-02-11T22:29:22Z,,1.63,35.8585,36.63333333333333,,,4.4,Ml,35.00,31.61,16,19,334.0,m,,257.0 km E of Ammochostos,74970,31.61,0.0,90.0,28.6,167.0,0.0,7.81,257.0,0.0,,,,,,,,"",2023-02-15T11:24:17.572Z,,,,Nanometrics,0.183,
athena_event_details,20230211-19,,2023-02-11T17:20:00Z,,0.48,36.531,35.94866666666667,,,4.1,Ml,35.62,39.46,15,16,341.0,m,Mediterranean Sea,239.0 km NE of Ammochostos,74967,39.54,148.0,86.0,7.23,327.0,3.0,2.64,57.0,0.0,,,,,,,,"",2023-02-15T10:17:27.378Z,,,,Nanometrics,0.183,
athena_event_details,20230211-6,,2023-02-11T11:51:43Z,,2.03,36.66833333333334,36.13333333333333,,,4.1,Ml,5.00,31.61,29,18,343.0,m,,262.0 km NE of Ammochostos,74971,31.61,0.0,90.0,28.08,142.0,0.0,9.33,232.0,0.0,,,,,,,,"",2023-02-15T11:42:55.300Z,,,,Nanometrics,0.304,
athena_event_details,20230211-13,,2023-02-11T07:55:42Z,,0.0,37.1578,36.9554,,,4.4,mb,10.00,0,0,0,0.0,m,,353.0 km NE of Ammochostos,74975,0.0,0.0,0.0,0.0,0.0,0.0,0.0,0.0,0.0,,,,,,,,"",2023-02-15T12:02:46.490Z,,,,Nanometrics,0.0,
athena_event_details,20230211-8,,2023-02-11T04:47:04Z,,0.0,37.84,36.55,,,4.2,mb,5.00,0,0,0,0.0,m,,382.0 km NE of Ammochostos,74973,0.0,0.0,0.0,0.0,0.0,0.0,0.0,0.0,0.0,,,,,,,,"",2023-02-15T12:02:07.220Z,,,,Nanometrics,0.0,
athena_event_details,20230211-7,,2023-02-11T00:24:42Z,,0.0,36.6164,36.4595,,,4.1,mb,10.00,0,0,0,0.0,m,,281.0 km NE of Ammochostos,74972,0.0,0.0,0.0,0.0,0.0,0.0,0.0,0.0,0.0,,,,,,,,"",2023-02-15T12:01:49.255Z,,,,Nanometrics,0.0,
athena_event_details,20230210-6,,2023-02-10T17:00:52Z,,0.0,37.94,36.27,,,4.8,Mw,5.00,0,0,0,0.0,m,,376.0 km NE of Ammochostos,74964,0.0,0.0,0.0,0.0,0.0,0.0,0.0,0.0,0.0,,,,,,,,"",2023-02-15T09:08:41.419Z,,,,Nanometrics,0.0,
athena_event_details,20230210-4,,2023-02-10T01:50:59Z,,0.0,37.8946,36.6174,,,4.7,mb,10.00,0,0,0,0.0,m,,390.0 km NE of Ammochostos,74962,0.0,0.0,0.0,0.0,0.0,0.0,0.0,0.0,0.0,,,,,,,,"",2023-02-15T09:08:03.190Z,,,,Nanometrics,0.0,
athena_event_details,20230209-11,,2023-02-09T22:06:40Z,,0.0,37.0802,36.6771,,,4.2,mb,10.00,0,0,0,0.0,m,,328.0 km NE of Ammochostos,74940,0.0,0.0,0.0,0.0,0.0,0.0,0.0,0.0,0.0,,,,,,,,"",2023-02-14T11:38:19.855Z,,,,Nanometrics,0.0,
athena_event_details,20230209-10,,2023-02-09T21:46:31Z,,0.0,37.2391,36.8327,,,4.1,mb,10.00,0,0,0,0.0,m,,350.0 km NE of Ammochostos,74939,0.0,0.0,0.0,0.0,0.0,0.0,0.0,0.0,0.0,,,,,,,,"",2023-02-14T11:38:00.561Z,,,,Nanometrics,0.0,
athena_event_details,20230209-5,,2023-02-09T18:49:32Z,,0.49,36.064,36.55916666666667,,,4.1,Ml,35.00,31.61,16,19,337.0,m,,258.0 km NE of Ammochostos,74934,31.61,0.0,90.0,6.45,155.0,0.0,2.45,245.0,0.0,,,,,,,,"",2023-02-14T11:14:57.671Z,,,,Nanometrics,0.183,
athena_event_details,20230209-9,,2023-02-09T10:42:30Z,,0.0,37.2619,36.7948,,,4.4,mb,10.00,0,0,0,0.0,m,,349.0 km NE of Ammochostos,74938,0.0,0.0,0.0,0.0,0.0,0.0,0.0,0.0,0.0,,,,,,,,"",2023-02-14T11:37:41.003Z,,,,Nanometrics,0.0,
athena_event_details,20230209-7,,2023-02-09T07:18:22Z,,0.0,37.2256,36.7143,,,4.8,mb,10.00,0,0,0,0.0,m,,341.0 km NE of Ammochostos,74936,0.0,0.0,0.0,0.0,0.0,0.0,0.0,0.0,0.0,,,,,,,,"",2023-02-14T11:36:23.106Z,,,,Nanometrics,0.0,
athena_event_details,20230208-23,,2023-02-08T15:49:59Z,,0.0,37.84,36.61,,,4.3,mb,5.00,0,0,0,0.0,m,,385.0 km NE of Ammochostos,74932,0.0,0.0,0.0,0.0,0.0,0.0,0.0,0.0,0.0,,,,,,,,"",2023-02-14T09:35:56.544Z,,,,Nanometrics,0.0,
athena_event_details,20230208-17,,2023-02-08T06:09:01Z,,0.6,36.52183333333333,35.55733333333333,,,4.4,Ml,17.00,38.09,27,22,338.0,m,,213.0 km NE of Ammochostos,74775,48.75,51.0,51.0,6.09,320.0,0.0,2.11,230.0,39.0,,,,,,,,"",2023-02-08T12:17:28.605Z,,,,Nanometrics,0.183,
athena_event_details,20230208-15,,2023-02-08T03:01:02Z,,0.0,37.0977,36.6917,,,4.3,mb,10.00,0,0,0,0.0,m,,330.0 km NE of Ammochostos,74925,0.0,0.0,0.0,0.0,0.0,0.0,0.0,0.0,0.0,,,,,,,,"",2023-02-14T09:32:11.066Z,,,,Nanometrics,0.0,
athena_event_details,20230207-38,,2023-02-07T23:13:01Z,,0.9,35.896166666666666,36.230666666666664,,,4.4,Ml,33.00,75.66,29,28,333.0,m,,224.0 km NE of Ammochostos,74769,75.66,0.0,90.0,8.82,159.0,0.0,3.51,249.0,0.0,,,,,,,,"",2023-02-08T10:04:53.056Z,,,,Nanometrics,0.114,
athena_event_details,20230207-29,,2023-02-07T15:48:54Z,,0.0,37.9793,36.4638,,,5.0,Mw,10.00,0,0,0,0.0,m,,390.0 km NE of Ammochostos,74851,0.0,0.0,0.0,0.0,0.0,0.0,0.0,0.0,0.0,,,,,,,,"",2023-02-10T13:45:12.694Z,,,,Nanometrics,0.0,
athena_event_details,20230207-11,,2023-02-07T13:36:43Z,,0.66,36.03516666666667,36.031333333333336,,,4.3,Ml,33.00,56.51,17,24,334.0,m,,214.0 km NE of Ammochostos,74829,56.51,0.0,90.0,6.61,154.0,0.0,2.84,244.0,0.0,,,,,,,,"",2023-02-10T07:50:46.196Z,,,,Nanometrics,0.183,
athena_event_details,20230207-26,,2023-02-07T07:54:28Z,,0.0,36.6443,36.3078,,,4.0,mb,10.00,0,0,0,0.0,m,,272.0 km NE of Ammochostos,74848,0.0,0.0,0.0,0.0,0.0,0.0,0.0,0.0,0.0,,,,,,,,"",2023-02-10T13:43:03.132Z,,,,Nanometrics,0.0,
athena_event_details,20230207-15,,2023-02-07T05:26:31Z,,0.3,36.72416666666667,35.94616666666667,,,4.6,Ml,35.00,31.61,16,22,339.0,m,,253.0 km NE of Ammochostos,74835,31.61,0.0,90.0,3.49,136.0,0.0,1.44,226.0,0.0,,,,,,,,"",2023-02-10T10:36:17.689Z,,,,Nanometrics,0.114,
athena_event_details,20230207-23,,2023-02-07T04:42:07Z,,0.0,36.86,36.57,,,4.4,mb,10.00,0,0,0,0.0,m,,305.0 km NE of Ammochostos,74845,0.0,0.0,0.0,0.0,0.0,0.0,0.0,0.0,0.0,,,,,,,,"",2023-02-10T13:41:23.153Z,,,,Nanometrics,0.0,
athena_event_details,20230207-13,,2023-02-07T03:37:01Z,,0.47,36.499,36.120333333333335,,,4.4,Ml,35.00,37.10,19,25,338.0,m,,249.0 km NE of Ammochostos,74832,37.11,159.0,89.0,5.32,326.0,0.0,2.08,56.0,0.0,,,,,,,,"",2023-02-10T09:58:10.198Z,,,,Nanometrics,0.114,
athena_event_details,20230207-19,,2023-02-07T02:47:42Z,,0.0,35.9829,35.9304,,,4.8,mb,40.00,0,0,0,0.0,m,,203.0 km NE of Ammochostos,74841,0.0,0.0,0.0,0.0,0.0,0.0,0.0,0.0,0.0,,,,,,,,"",2023-02-10T13:39:12.003Z,,,,Nanometrics,0.0,
athena_event_details,20230206-6,,2023-02-06T23:29:04Z,,0.67,35.9945,36.468333333333334,,,4.5,Ml,35.41,52.94,27,17,347.0,m,,248.0 km NE of Ammochostos,74771,53.05,171.0,86.0,13.51,338.0,3.0,3.38,68.0,1.0,,,,,,,,"",2023-02-08T10:39:16.560Z,,,,Nanometrics,0.183,
athena_event_details,20230206-24,,2023-02-06T20:44:00Z,,0.0,37.98,36.49,,,4.8,mb,2.00,0,0,0,0.0,m,,391.0 km NE of Ammochostos,74813,0.0,0.0,0.0,0.0,0.0,0.0,0.0,0.0,0.0,,,,,,,,"",2023-02-09T13:29:55.234Z,,,,Nanometrics,0.0,
athena_event_details,20230206-22,,2023-02-06T17:31:35Z,,0.0,37.0953,36.6927,,,4.5,mb,10.00,0,0,0,0.0,m,,330.0 km NE of Ammochostos,74811,0.0,0.0,0.0,0.0,0.0,0.0,0.0,0.0,0.0,,,,,,,,"",2023-02-09T13:28:59.024Z,,,,Nanometrics,0.0,
athena_event_details,20230206-16,,2023-02-06T14:27:51Z,,0.0,37.0517,36.2475,,,4.8,mb,10.00,0,0,0,0.0,m,,298.0 km NE of Ammochostos,74808,0.0,0.0,0.0,0.0,0.0,0.0,0.0,0.0,0.0,,,,,,,,"",2023-02-09T13:27:36.964Z,,,,Nanometrics,0.0,
athena_event_details,20230206-14,,2023-02-06T13:39:25Z,,0.0,37.6,36.96,,,5.0,mb,10.00,0,0,0,0.0,m,,386.0 km NE of Ammochostos,74806,0.0,0.0,0.0,0.0,0.0,0.0,0.0,0.0,0.0,,,,,,,,"",2023-02-09T13:26:40.723Z,,,,Nanometrics,0.0,
athena_event_details,20230206-7,,2023-02-06T02:23:14Z,,0.0,37.1806,36.9758,,,5.2,mb,10.00,0,0,0,0.0,m,,356.0 km NE of Ammochostos,74800,0.0,0.0,0.0,0.0,0.0,0.0,0.0,0.0,0.0,,,,,,,,"",2023-02-09T10:50:49.873Z,,,,Nanometrics,0.0,
athena_event_details,20230206-8,,2023-02-06T01:28:19Z,,0.0,37.13,36.81,,,6.7,Mw,40.00,0,0,0,0.0,m,,341.0 km NE of Ammochostos,74801,0.0,0.0,0.0,0.0,0.0,0.0,0.0,0.0,0.0,,,,,,,,"",2023-02-09T13:22:30.313Z,,,,Nanometrics,0.0,
athena_event_details,20230129-4,,2023-01-29T16:12:38Z,,0.55,35.779833333333336,35.72083333333333,,,4.3,Ml,9.89,31.78,30,22,330.0,m,,177.0 km NE of Ammochostos,74635,40.8,64.0,51.0,4.62,157.0,2.0,1.84,249.0,39.0,,,,,,,,"",2023-01-30T07:19:40.578Z,,,,Nanometrics,0.114,
athena_event_details,20230124-3,,2023-01-24T05:59:31Z,,0.45,35.54366666666667,31.272666666666666,,,4.0,Ml,13.27,1.00,28,35,182.0,m,Mediterranean Sea,120.0 km NW of Polis,74589,1.99,16.0,5.0,1.19,115.0,56.0,0.88,283.0,33.0,,,,,,,,"",2023-01-24T07:18:22.100Z,,,,Nanometrics,0.672,
athena_event_details,20230112-6,,2023-01-12T20:40:51Z,,0.51,35.455333333333336,36.42933333333333,,,4.1,Ml,16.00,31.69,27,27,331.0,m,,227.0 km E of Paralimni,74543,40.73,72.0,51.0,4.78,168.0,5.0,1.65,262.0,39.0,,,,,,,,"",2023-01-13T06:47:08.602Z,,,,Nanometrics,0.114,
athena_event_details,20221102-4,,2022-11-02T17:41:21Z,,0.75,35.921,30.844666666666665,,,5.0,Ml,13.08,3.90,29,33,149.0,m,Mediterranean Sea,174.0 km NW of Polis,74089,4.58,6.0,58.0,2.57,207.0,29.0,1.27,112.0,10.0,,,,,,,,felt,2022-11-03T06:45:08.795Z,,,,Nanometrics,0.42,
athena_event_details,20220830-7,,2022-08-30T20:42:31Z,,0.32,35.17016666666667,31.969833333333334,,,4.0,Ml,26.72,0.43,27,39,249.0,m,FELT EARTHQUAKE; Mediterranean Sea,45.0 km W of Polis,73758,1.23,160.0,5.0,0.78,68.0,17.0,0.46,266.0,72.0,,,,,,,,felt,2022-09-01T12:51:22.456Z,,,,Nanometrics,0.111,
athena_event_details,20220807-3,,2022-08-07T08:02:02Z,,0.66,36.0765,29.688666666666666,,,4.1,Ml,35.02,46.48,16,20,136.0,m,,274.0 km NW of Polis,73655,46.56,2.0,86.0,2.11,190.0,3.0,0.99,100.0,1.0,,,,,,,,"",2022-08-08T06:18:24.979Z,,,,Nanometrics,0.5,
athena_event_details,20220803-3,,2022-08-03T10:05:30Z,,0.61,36.042833333333334,30.938666666666666,,,4.2,Ml,35.90,41.43,15,22,159.0,m,Mediterranean Sea,176.0 km NW of Polis,73639,41.43,307.0,89.0,2.45,44.0,0.0,1.11,134.0,1.0,,,,,,,,"",2022-08-03T11:53:45.216Z,,,,Nanometrics,0.787,
athena_event_details,20220611-5,,2022-06-11T02:05:53Z,,0.93,35.91566666666667,31.360166666666668,,,4.5,Ml,24.40,4.97,32,26,165.0,m,Mediterranean Sea,138.0 km NW of Polis,73199,5.08,349.0,78.0,3.08,209.0,8.0,1.38,118.0,8.0,,,,,,,,felt,2022-06-14T06:39:17.028Z,,,,Nanometrics,0.419,
athena_event_details,20220610-5,,2022-06-10T01:40:21Z,,0.32,34.872,33.898833333333336,,,4.9,Ml,43.04,1.15,26,38,197.0,m,FELT EARTHQUAKE,20.0 km SW of Paralimni,73160,1.77,357.0,40.0,1.27,122.0,33.0,0.72,236.0,32.0,,,,,,,,felt,2022-06-10T03:16:20.311Z,,,,Nanometrics,0.132,
athena_event_details,20220426-7,,2022-04-26T19:11:35Z,,0.81,34.713,32.50933333333333,,,4.7,Ml,20.00,31.61,28,41,94.0,m,FELT EARTHQUAKE,10.0 km SE of Pafos,72879,31.61,0.0,90.0,1.4,188.0,0.0,1.06,278.0,0.0,,,,,,,,felt,2022-04-26T21:45:27.664Z,,,,Nanometrics,0.091,
athena_event_details,20220202-6,,2022-02-02T21:03:48Z,,0.78,35.10783333333333,31.854,,,5.1,Ml,23.76,1.16,16,28,248.0,m,FELT EARTHQUAKE; Mediterranean Sea,53.0 km W of Polis,72488,2.91,144.0,10.0,1.88,46.0,38.0,1.44,246.0,50.0,,,,,,,,felt,2022-02-02T22:07:00.669Z,,,,Nanometrics,0.544,
athena_event_details,20220128-3,,2022-01-28T03:57:46Z,,0.66,35.16416666666667,31.936833333333333,,,4.5,Ml,22.79,0.73,31,48,133.0,m,FELT EARTHQUAKE; Mediterranean Sea,47.0 km W of Polis,72458,1.77,182.0,4.0,1.41,88.0,30.0,0.85,279.0,60.0,,,,,,,,felt,2022-01-28T07:10:15.783Z,,,,Nanometrics,0.111,
athena_event_details,20220111-7,,2022-01-11T01:07:48Z,,0.49,35.24366666666667,31.9295,,,6.5,Mw,25.56,0.79,22,33,165.0,m,FELT EARTHQUAKE; Mediterranean Sea,51.0 km NW of Polis,72360,1.57,190.0,6.0,1.13,92.0,44.0,0.67,286.0,45.0,,,,,74.0,109.0,88.0,felt,2023-02-09T09:40:57.433Z,15.0,293.0,93.0,Nanometrics,0.106,
athena_event_details,20220105-1,,2022-01-05T03:21:15Z,,0.55,36.095666666666666,31.272666666666666,,,5.3,Ml,83.17,6.29,31,27,175.0,m,FELT EARTHQUAKE; Mediterranean Sea,158.0 km NW of Polis,72338,6.3,23.0,87.0,2.34,214.0,2.0,1.13,124.0,1.0,,,,,,,,felt,2022-01-05T07:40:51.370Z,,,,Nanometrics,0.341,
athena_event_details,20210907-2,,2021-09-07T11:14:51Z,,0.4,36.13883333333333,30.4355,,,4.7,Ml,8.43,14.41,24,14,306.0,m,,219.0 km NW of Polis,71691,21.73,319.0,41.0,2.27,221.0,9.0,1.57,121.0,48.0,,,,,,,,"",2021-09-07T11:59:58.209Z,,,,Nanometrics,0.583,
athena_event_details,20210531-4,,2021-05-31T06:23:39Z,,0.27,35.195166666666665,32.78666666666667,,,4.3,Ml,50.00,31.61,29,20,202.0,m,FELT EARTHQUAKE,19.0 km W of Morphou,71374,31.61,0.0,90.0,1.79,183.0,0.0,0.68,273.0,0.0,,,,,,,,felt,2021-05-31T07:15:26.106Z,,,,Nanometrics,0.598,
athena_event_details,20210121-4,,2021-01-21T14:27:06Z,,0.36,35.030166666666666,33.77433333333333,,,5.0,Ml,56.74,1.27,20,34,159.0,m,FELT EARTHQUAKE,18.0 km NE of Larnaka,70911,2.37,176.0,8.0,1.44,69.0,62.0,0.72,270.0,26.0,,,,,,,,felt,2021-01-21T15:57:12.539Z,,,,Nanometrics,0.106,
athena_event_details,20201205-3,,2020-12-05T12:44:41Z,,0.42,36.1755,32.01866666666667,,,5.4,Ml,50.00,31.61,31,24,194.0,m,FELT EARTHQUAKE,132.0 km N of Polis,70757,31.61,0.0,90.0,2.41,220.0,0.0,0.9,310.0,0.0,,,,,,,,felt,2020-12-15T11:09:45.694Z,,,,Nanometrics,0.705,
athena_event_details,20200603-2,,2020-06-03T05:20:07Z,,0.49,35.115833333333335,29.204666666666668,,,4.6,Ml,35.40,35.17,19,19,154.0,m,Mediterranean Sea,294.0 km W of Polis,70063,35.18,353.0,88.0,1.72,205.0,1.0,0.92,115.0,1.0,,,,,,,,"",2020-06-03T09:16:30.428Z,,,,Nanometrics,0.346,
athena_event_details,20200415-12,,2020-04-15T08:18:35Z,,0.47,36.051833333333335,35.40983333333333,,,4.4,Ml,4.69,1.63,16,26,161.0,m,Mediterranean Sea,168.0 km NE of Ammochostos,69011,2.63,143.0,28.0,1.95,359.0,56.0,0.99,242.0,17.0,,,,,,,,"",2020-04-15T09:41:18.759Z,,,,Nanometrics,0.367,
athena_event_details,20200415-11,,2020-04-15T07:40:04Z,,0.55,35.971833333333336,35.450833333333335,,,4.6,Ml,10.16,2.73,19,30,157.0,m,Mediterranean Sea,166.0 km NE of Ammochostos,69010,3.29,133.0,56.0,2.45,336.0,32.0,0.99,239.0,11.0,,,,,,,,"",2020-04-15T09:15:26.182Z,,,,Nanometrics,0.292,
athena_event_details,20200403-4,,2020-04-03T18:15:43Z,,0.76,35.88166666666667,35.6045,,,4.9,Ml,16.62,3.96,24,29,149.0,m,Mediterranean Sea,172.0 km NE of Ammochostos,68922,4.01,46.0,80.0,2.33,149.0,2.0,1.45,239.0,10.0,,,,,,,,"",2020-04-06T07:53:23.213Z,,,,Nanometrics,0.286,
athena_event_details,20200315-10,,2020-03-15T17:27:08Z,,0.59,36.125,31.200666666666667,,,4.2,Ml,70.32,6.71,25,24,176.0,m,Mediterranean Sea,165.0 km NW of Polis,68772,6.72,331.0,87.0,2.41,206.0,1.0,0.84,116.0,2.0,,,,,,,,"",2020-03-16T08:04:57.024Z,,,,Nanometrics,0.508,
athena_event_details,20200222-9,,2020-02-22T22:26:42Z,,0.68,37.25833333333333,31.436166666666665,,,4.5,Ml,5.00,31.61,17,23,246.0,m,,263.0 km N of Polis,68682,31.61,0.0,90.0,4.3,196.0,0.0,1.25,286.0,0.0,,,,,,,,"",2020-03-03T10:42:05.879Z,,,,Nanometrics,0.921,
athena_event_details,20190906-4,,2019-09-06T08:59:55Z,,0.49,35.877,31.761333333333333,,,4.2,Ml,31.51,42.69,16,25,194.0,m,Mediterranean Sea,112.0 km NW of Polis,67364,42.69,0.0,90.0,3.05,204.0,0.0,0.79,294.0,0.0,,,,,,,,"",2019-09-06T09:39:00.296Z,,,,Nanometrics,0.735,
athena_event_details,20190820-12,,2019-08-20T09:34:53Z,,0.55,36.107166666666664,31.235333333333333,,,4.4,Ml,38.41,37.96,22,17,204.0,m,Mediterranean Sea,161.0 km NW of Polis,67209,38.17,200.0,83.0,5.86,21.0,6.0,0.95,111.0,0.0,,,,,,,,"",2019-08-21T07:41:47.654Z,,,,Nanometrics,0.633,
athena_event_details,20190705-13,,2019-07-05T14:19:06Z,,0.81,32.801833333333335,30.818833333333334,,,4.1,Ml,33.00,31.61,23,26,265.0,m,Mediterranean Sea,264.0 km SW of Pafos,66868,31.61,0.0,90.0,3.59,178.0,0.0,1.71,268.0,0.0,,,,,,,,"",2019-07-08T12:19:18.269Z,,,,Nanometrics,0.65,
athena_event_details,20190515-11,,2019-05-15T16:53:49Z,,0.55,32.821333333333335,32.864,,,4.8,Ml,21.88,4.18,22,25,204.0,m,FELT EARTHQUAKE; Mediterranean Sea,207.0 km S of Lemesos,66458,5.48,239.0,49.0,2.12,70.0,39.0,0.94,335.0,6.0,,,,,,,,felt,2021-04-12T12:00:30.232Z,,,,Nanometrics,0.6,
athena_event_details,20190320-11,,2019-03-20T06:34:27Z,,0.76,37.48533333333334,29.436833333333333,,,5.1,Ml,5.00,31.61,21,28,186.0,m,,383.0 km NW of Polis,65911,31.61,0.0,90.0,2.75,184.0,0.0,1.27,274.0,0.0,,,,,,,,"",2019-03-20T07:50:38.697Z,,,,Nanometrics,0.515,
athena_event_details,20190307-16,,2019-03-07T16:25:39Z,,0.61,35.5785,31.108,,,4.2,Ml,26.17,3.08,21,21,141.0,m,Mediterranean Sea,135.0 km NW of Polis,65805,4.36,205.0,30.0,3.6,12.0,58.0,0.87,112.0,6.0,,,,,,,,"",2019-03-08T09:54:00.335Z,,,,Nanometrics,0.508,
athena_event_details,20190205-10,,2019-02-05T15:11:53Z,,0.4,36.615833333333335,30.0375,,,4.2,Ml,6.36,1.55,18,17,155.0,m,,279.0 km NW of Polis,65589,1.86,359.0,56.0,0.74,242.0,16.0,0.54,143.0,29.0,,,,,,,,"",2019-02-06T09:27:38.530Z,,,,Nanometrics,0.462,
athena_event_details,20190202-18,,2019-02-02T12:20:45Z,,0.5,36.877,35.4305,,,4.2,Ml,15.00,31.61,15,20,278.0,m,,237.0 km NE of Ammochostos,65573,31.61,0.0,90.0,2.87,173.0,0.0,1.93,263.0,0.0,,,,,,,,"",2019-02-04T12:18:00.086Z,,,,Nanometrics,0.367,
athena_event_details,20181029-6,,2018-10-29T12:09:13Z,,0.69,34.42216666666667,33.5505,,,4.4,Ml,5.00,31.61,21,21,137.0,m,FELT EARTHQUAKE; Mediterranean Sea,55.0 km SE of Lemesos,64820,31.61,0.0,90.0,1.72,189.0,0.0,1.16,279.0,0.0,,,,,,,,felt,2021-07-21T09:15:34.774Z,,,,Nanometrics,0.178,
athena_event_details,20181026-16,,2018-10-26T18:37:43Z,,0.26,36.01016666666667,31.154833333333332,,,4.4,Ml,64.59,4.59,15,25,165.0,m,Mediterranean Sea,159.0 km NW of Polis,64821,4.63,27.0,82.0,1.49,198.0,7.0,0.35,288.0,1.0,,,,,,,,"",2018-10-29T13:45:04.050Z,,,,Nanometrics,0.85,
athena_event_details,20180928-2,,2018-09-28T00:26:29Z,,0.79,36.8385,30.465333333333334,,,4.1,Ml,123.08,4.13,20,25,185.0,m,,268.0 km NW of Polis,64570,4.93,205.0,56.0,4.06,10.0,32.0,1.36,104.0,7.0,,,,,,,,"",2018-09-28T05:14:13.627Z,,,,Nanometrics,0.525,
athena_event_details,20180912-7,,2018-09-12T06:21:45Z,,1.09,36.131,31.150333333333332,,,5.5,Ml,10.00,31.61,18,25,134.0,m,FELT EARTHQUAKE; Mediterranean Sea,168.0 km NW of Polis,64432,31.61,0.0,90.0,4.32,207.0,0.0,1.53,297.0,0.0,,,,,,,,felt,2021-07-21T09:48:59.447Z,,,,Nanometrics,0.866,
athena_event_details,20180910-11,,2018-09-10T23:02:54Z,,0.83,37.119,30.789,,,5.0,Ml,110.00,31.61,17,23,204.0,m,,275.0 km NW of Polis,64419,31.61,0.0,90.0,3.47,197.0,0.0,2.62,287.0,0.0,,,,,,,,"",2018-09-11T08:07:34.274Z,,,,Nanometrics,0.866,
athena_event_details,20180413-13,12515,2018-04-13T17:55:47Z,,0.64,37.086666666666666,32.019333333333336,,,4.3,Ml,0.87,2.25,18,27,175.0,m,,227.0 km NW of Kyrenia,63173,4.5,22.0,30.0,1.43,202.0,59.0,0.91,292.0,0.0,,,,,,,,"",2018-04-16T08:49:42.836Z,,,,Nanometrics,0.0,
athena_event_details,20180413-12,1000012513,2018-04-13T17:14:01Z,,0.56,36.9405,31.952666666666666,,,4.8,Ml,4.68,2.65,19,31,171.0,m,,215.0 km NW of Morphou,63172,3.94,23.0,42.0,1.58,204.0,47.0,0.8,113.0,1.0,,,,,,,,"",2018-04-16T07:07:00.745Z,,,,Nanometrics,0.0,
athena_event_details,20171205-7,1000002386,2017-12-05T17:21:48Z,,0.89,36.465167,31.479,,,4.0,Ml,9.55,3.70,10,15,204.0,m,,181.0 km NW of Polis,62297,7.77,28.0,28.0,3.91,209.0,61.0,1.6,298.0,0.0,,,,,,,,"",2017-12-06T08:13:06.000Z,,,,Nanometrics,0.0,
athena_event_details,20170929-8,1000002269,2017-09-29T16:08:41Z,,0.84,36.749167,30.605667,,,4.6,Ml,90.33,5.05,18,32,166.0,m,,252.0 km NW of Polis,61826,5.1,353.0,81.0,3.49,196.0,7.0,1.14,106.0,3.0,,,,,,,,"",2017-10-02T06:22:30.000Z,,,,Nanometrics,0.0,
athena_event_details,20170816-10,1000002165,2017-08-16T19:39:35Z,,0.77,35.423,31.216333,,,4.0,Ml,12.00,31.61,12,22,122.0,m,Mediterranean Sea,119.0 km W of Polis,61504,31.61,0.0,90.0,2.75,203.0,0.0,1.32,293.0,0.0,,,,,,,,"",2017-08-17T06:17:30.000Z,,,,Nanometrics,0.0,
athena_event_details,20170530-8,1000001987,2017-05-30T12:29:28Z,,0.93,35.607333,31.391333,,,4.4,Ml,88.95,9.51,11,16,160.0,m,Mediterranean Sea,114.0 km NW of Polis,60803,9.76,62.0,77.0,3.93,213.0,11.0,1.92,304.0,6.0,,,,,,,,"",2017-05-30T12:58:00.000Z,,,,Nanometrics,0.0,
athena_event_details,20170520-23,1000001966,2017-05-20T05:41:13Z,,0.65,34.879667,33.904833,,,4.1,Ml,7.52,3.09,15,17,108.0,m,FELT EARTHQUAKE,19.0 km S of Paralimni,60711,3.89,23.0,52.0,1.24,172.0,33.0,1.06,272.0,15.0,,,,,,,,felt,2021-07-21T10:19:23.408Z,,,,Nanometrics,0.0,
athena_event_details,20170318-8,1000001784,2017-03-18T18:15:27Z,,0.42,34.462667,32.1795,,,4.6,Ml,48.79,4.23,12,18,153.0,m,FELT EARTHQUAKE; Mediterranean Sea,40.0 km SW of Pafos,60211,4.39,340.0,74.0,1.92,132.0,13.0,0.89,224.0,7.0,,,,,,,,felt,2021-07-21T10:15:02.872Z,,,,Nanometrics,0.0,
athena_event_details,20170225-18,10588,2017-02-25T21:06:03Z,,0.36,37.194333,36.0715,,,4.5,Ml,28.72,2.94,15,17,190.0,m,,299.0 km NE of Ammochostos,60101,3.51,339.0,56.0,1.58,164.0,33.0,0.95,72.0,2.0,,,,,,,,"",2017-03-06T13:24:05.000Z,,,,Nanometrics,0.0,
athena_event_details,20170205-7,1000001682,2017-02-05T10:34:51Z,,0.55,36.201667,31.190333,,,4.1,Ml,31.91,47.45,10,18,180.0,m,Mediterranean Sea,172.0 km NW of Polis,59852,47.45,0.0,90.0,2.67,209.0,0.0,0.88,299.0,0.0,,,,,,,,"",2017-02-06T07:27:52.000Z,,,,Nanometrics,0.0,
athena_event_details,20170113-5,1000001628,2017-01-13T21:43:30Z,,1.1,35.581,32.426333,,,4.4,Ml,83.07,5.29,17,31,125.0,m,FELT EARTHQUAKE; Mediterranean Sea,61.0 km N of Polis,59675,5.77,177.0,66.0,3.0,31.0,19.0,1.61,297.0,12.0,,,,,,,,felt,2021-07-21T10:11:43.474Z,,,,Nanometrics,0.0,
athena_event_details,20170108-6,1000001618,2017-01-08T09:22:17Z,,0.48,33.554833,33.290167,,,4.5,Ml,26.98,2.75,13,23,109.0,m,Mediterranean Sea,127.0 km S of Lemesos,59621,2.94,236.0,69.0,1.56,68.0,20.0,0.71,337.0,4.0,,,,,,,,"",2017-01-09T08:43:57.000Z,,,,Nanometrics,0.0,
athena_event_details,20161226-4,1000001604,2016-12-26T05:53:35Z,,0.4,32.632,31.46,,,4.1,Ml,10.72,2.19,6,11,227.0,m,Mediterranean Sea,253.0 km S of Pafos,59526,2.31,317.0,71.0,1.86,56.0,2.0,0.86,147.0,19.0,,,,,,,,"",2016-12-27T07:52:01.000Z,,,,Nanometrics,0.0,
athena_event_details,20161209-5,10066,2016-12-09T08:42:48Z,,0.3,34.860333,29.0065,,,4.1,Ml,74.22,9.53,15,17,188.0,m,Mediterranean Sea,311.0 km W of Pafos,59431,9.7,347.0,79.0,1.44,201.0,8.0,0.67,110.0,6.0,,,,,,,,"",2020-04-22T10:54:35.313Z,,,,Nanometrics,0.0,
athena_event_details,20161202-3,1000010020,2016-12-02T04:35:43Z,,0.17,32.970667,35.548,,,4.1,Ml,5.24,1.86,12,17,223.0,m,,271.0 km SE of Paralimni,59342,2.93,82.0,39.0,0.92,244.0,49.0,0.4,345.0,9.0,,,,,,,,"",2016-12-02T08:59:35.000Z,,,,Nanometrics,0.0,
athena_event_details,20161106-7,58608,2016-11-06T19:46:01Z,,0.38,34.772333,33.624333,,,4.1,Ml,30.00,31.61,9,16,213.0,m,FELT EARTHQUAKE,16.0 km S of Larnaka,59057,31.61,0.0,90.0,1.65,160.0,0.0,0.83,250.0,0.0,,,,,,,,felt,2021-07-21T12:13:29.521Z,,,,Nanometrics,0.0,
athena_event_details,20161019-13,1000009684,2016-10-19T12:18:46Z,,0.38,36.061167,30.470167,,,4.7,Ml,46.24,6.60,15,24,142.0,m,,211.0 km NW of Polis,58912,6.63,355.0,83.0,1.44,203.0,5.0,0.53,113.0,3.0,,,,,,,,"",2016-10-20T08:58:04.000Z,,,,Nanometrics,0.0,
athena_event_details,20160921-6,1000001326,2016-09-21T18:08:10Z,,0.47,35.169167,31.559333,,,4.2,Ml,20.00,1.19,11,18,261.0,m,Mediterranean Sea,81.0 km W of Polis,58625,3.26,172.0,8.0,1.62,77.0,28.0,1.36,276.0,61.0,,,,,,,,"",2016-09-22T08:49:01.000Z,,,,Nanometrics,0.0,
athena_event_details,20160807-1,1000009306,2016-08-07T16:08:16Z,,0.36,35.585167,31.679333,,,4.4,Ml,17.01,1.17,15,18,157.0,m,Mediterranean Sea,92.0 km NW of Polis,58193,1.51,34.0,18.0,1.26,177.0,68.0,0.59,300.0,12.0,,,,,,,,"",2016-08-08T08:03:32.000Z,,,,Nanometrics,0.0,
athena_event_details,20160713-5,57726,2016-07-13T18:36:05Z,,0.63,35.9605,31.114667,,,4.7,Ml,103.72,5.68,10,18,163.0,m,Mediterranean Sea,158.0 km NW of Polis,58113,5.73,27.0,82.0,2.4,210.0,7.0,1.13,300.0,0.0,,,,,,,,"",2016-07-14T06:03:50.000Z,,,,Nanometrics,0.0,
athena_event_details,20160709-1,1000001135,2016-07-09T07:15:33Z,,0.66,36.6085,30.495,,,4.7,Ml,98.33,4.15,14,24,191.0,m,,247.0 km NW of Polis,58103,4.58,7.0,64.0,2.84,202.0,24.0,1.16,109.0,6.0,,,,,,,,"",2016-07-11T07:53:07.000Z,,,,Nanometrics,0.0,
athena_event_details,20160604-1,57459,2016-06-04T02:22:54Z,,1.32,35.594,31.4425,,,4.0,Ml,2.00,4.25,10,17,181.0,m,Mediterranean Sea,109.0 km NW of Polis,58007,7.61,22.0,19.0,4.53,221.0,69.0,2.31,114.0,6.0,,,,,,,,"",2016-06-06T10:47:05.000Z,,,,Nanometrics,0.0,
athena_event_details,20160512-7,1000000947,2016-05-12T00:18:37Z,,0.39,34.910667,33.512667,,,4.3,Ml,4.51,2.06,11,15,132.0,m,FELT EARTHQUAKE,11.0 km W of Larnaka,58135,2.17,355.0,71.0,0.91,154.0,17.0,0.56,246.0,6.0,,,,,,,,felt,2021-07-21T10:43:58.093Z,,,,Nanometrics,0.0,
athena_event_details,20160331-5,1000008655,2016-03-31T21:33:27Z,,0.46,36.8125,35.4225,,,4.2,Ml,45.08,36.59,10,15,337.0,m,,230.0 km NE of Ammochostos,57564,36.71,197.0,85.0,5.53,313.0,1.0,2.61,43.0,4.0,,,,,,,,"",2020-04-22T10:48:09.742Z,,,,Nanometrics,0.0,
athena_event_details,20160322-10,1000001995,2016-03-22T20:24:20Z,,0.19,35.011667,33.865833,,,4.2,Ml,49.08,0.92,11,20,167.0,m,FELT EARTHQUAKE,11.0 km W of Paralimni,60821,1.31,22.0,44.0,0.9,147.0,30.0,0.63,257.0,31.0,,,,,,,,felt,2021-07-22T11:57:05.828Z,,,,Nanometrics,0.0,
athena_event_details,20160322-19,1000008613,2016-03-22T14:23:10Z,,0.26,35.565167,32.446667,,,4.2,Ml,50.76,3.36,11,17,193.0,m,Mediterranean Sea,59.0 km N of Polis,57493,3.66,195.0,66.0,1.22,32.0,22.0,0.67,299.0,6.0,,,,,,,,"",2016-03-23T08:25:11.000Z,,,,Nanometrics,0.0,
athena_event_details,20160322-9,1000000981,2016-03-22T13:25:17Z,,0.64,35.775333,31.847667,,,4.8,Ml,33.78,45.26,13,13,173.0,m,FELT EARTHQUAKE; Mediterranean Sea,98.0 km NW of Polis,58258,45.27,101.0,88.0,3.17,33.0,0.0,1.65,303.0,2.0,,,,,,,,felt,2021-07-21T10:36:49.778Z,,,,Nanometrics,0.0,
athena_event_details,20160205-2,8434,2016-02-05T13:25:26Z,,0.43,36.958833,29.419,,,4.0,Ml,0,1.58,13,18,241.0,m,,345.0 km NW of Polis,57165,2.6,358.0,37.0,1.36,175.0,52.0,0.74,267.0,1.0,,,,,,,,"",2020-04-22T10:47:58.012Z,,,,Nanometrics,0.0,
athena_event_details,20160123-4,8363,2016-01-23T04:00:44Z,,0.31,36.955,29.528667,,,4.2,Ml,21.63,1.17,12,16,240.0,m,,338.0 km NW of Polis,57083,3.12,2.0,1.0,1.24,95.0,70.0,0.63,272.0,20.0,,,,,,,,"",2016-01-25T08:39:13.000Z,,,,Nanometrics,0.0,
athena_event_details,20160116-7,1000000592,2016-01-16T18:51:15Z,,0.43,35.496833,31.154333,,,4.2,Ml,17.17,2.79,11,19,145.0,m,Mediterranean Sea,127.0 km NW of Polis,57034,2.88,241.0,75.0,1.85,34.0,12.0,1.06,125.0,7.0,,,,,,,,"",2016-01-18T07:56:42.000Z,,,,Nanometrics,0.0,
athena_event_details,20160105-8,1000000988,2016-01-05T07:17:15Z,,0.34,34.300833,32.687333,,,4.5,Ml,31.46,30.81,10,15,140.0,m,FELT EARTHQUAKE; Mediterranean Sea,52.0 km SW of Lemesos,58137,30.81,0.0,90.0,1.36,310.0,0.0,0.78,40.0,0.0,,,,,,,,felt,2021-07-21T10:34:51.615Z,,,,Nanometrics,0.0,
athena_event_details,20151226-10,8265,2015-12-26T04:51:46Z,,0.36,35.522333,31.161333,,,4.3,Ml,10.63,1.71,13,18,164.0,m,Mediterranean Sea,128.0 km NW of Polis,56897,1.82,32.0,69.0,1.52,201.0,20.0,0.66,292.0,4.0,,,,,,,,"",2015-12-28T10:41:23.000Z,,,,Nanometrics,0.0,
athena_event_details,20151206-11,8182,2015-12-06T23:34:17Z,,0.32,35.742,29.715667,,,4.1,Ml,25.52,1.57,11,16,197.0,m,Mediterranean Sea,259.0 km W of Polis,56758,2.78,252.0,34.0,1.43,29.0,46.0,0.65,145.0,23.0,,,,,,,,"",2015-12-09T08:22:47.000Z,,,,Nanometrics,0.0,
athena_event_details,20151123-4,atlas@56673,2015-11-23T13:39:26Z,,0.36,37.601667,31.6905,,,4.0,Ml,14.73,7.86,7,11,268.0,m,,291.0 km NW of Kyrenia,56673,11.03,16.0,45.0,2.19,202.0,44.0,1.05,109.0,3.0,,,,,,,,"",2015-11-24T12:43:19.000Z,,,,Nanometrics,0.0,
athena_event_details,20151108-10,56053,2015-11-08T17:15:46Z,,0.36,37.220667,31.4,,,4.0,Ml,24.96,6.85,10,12,248.0,m,,260.0 km N of Polis,56544,9.29,23.0,47.0,2.63,194.0,42.0,1.11,288.0,5.0,,,,,,,,"",2015-11-10T12:53:43.000Z,,,,Nanometrics,0.0,
athena_event_details,20151006-10,atlas@56284,2015-10-06T21:27:33Z,,0.49,36.162,30.026,,,5.3,Ml,20.56,2.01,14,19,117.0,m,Mediterranean Sea,251.0 km NW of Polis,56284,2.32,334.0,59.0,1.33,219.0,13.0,0.7,122.0,27.0,,,,,,,,"",2015-10-07T06:51:12.000Z,,,,Nanometrics,0.0,
athena_event_details,20150916-4,1000007818,2015-09-16T03:23:23Z,,0.24,36.096,30.711167,,,4.2,Ml,82.06,2.83,15,20,156.0,m,Mediterranean Sea,196.0 km NW of Polis,56124,2.89,16.0,77.0,1.13,212.0,11.0,0.45,121.0,3.0,,,,,,,,"",2015-09-16T09:26:47.000Z,,,,Nanometrics,0.0,
athena_event_details,20150831-6,1000007736,2015-08-31T06:02:44Z,,0.14,37.08,30.693667,,,4.5,Ml,148.57,1.35,12,13,237.0,m,,276.0 km NW of Polis,55984,2.68,193.0,12.0,1.45,316.0,68.0,0.57,99.0,18.0,,,,,,,,"",2015-09-01T07:39:57.000Z,,,,Nanometrics,0.0,
athena_event_details,20150824-6,55480,2015-08-24T16:09:14Z,,0.2,36.835833,30.668833,,,4.2,Ml,119.56,3.07,7,10,223.0,m,,256.0 km NW of Polis,55918,3.43,222.0,63.0,2.55,6.0,22.0,0.75,102.0,14.0,,,,,,,,"",2015-08-25T06:45:47.000Z,,,,Nanometrics,0.0,
athena_event_details,20150818-14,7679,2015-08-18T21:58:10Z,,0.45,35.68,31.306833,,,4.3,Ml,7.38,1.81,15,22,152.0,m,FELT EARTHQUAKE; Mediterranean Sea,125.0 km NW of Polis,55854,1.95,24.0,68.0,1.76,205.0,21.0,0.66,295.0,0.0,,,,,,,,felt,2021-07-22T08:33:38.945Z,,,,Nanometrics,0.0,
athena_event_details,20150818-15,1000001032,2015-08-18T21:19:41Z,,0.94,35.474833,31.243667,,,5.1,Ml,15.91,3.58,15,22,139.0,m,FELT EARTHQUAKE; Mediterranean Sea,119.0 km NW of Polis,58249,4.0,30.0,63.0,2.96,201.0,26.0,1.37,293.0,4.0,,,,,,,,felt,2021-07-22T08:32:02.835Z,,,,Nanometrics,0.0,
athena_event_details,20150730-11,1000001042,2015-07-30T15:04:09Z,,0.24,34.2735,33.738833,,,4.7,Ml,19.93,0.99,15,21,123.0,m,FELT EARTHQUAKE; Mediterranean Sea,72.0 km S of Larnaka,58136,1.21,36.0,54.0,0.61,276.0,19.0,0.43,175.0,29.0,,,,,,,,felt,2021-07-22T08:28:58.607Z,,,,Nanometrics,0.0,
athena_event_details,20150729-23,7573,2015-07-29T22:00:53Z,,0.71,36.2925,35.1185,,,5.2,Ml,20.00,31.61,14,15,154.0,m,FELT EARTHQUAKE; Mediterranean Sea,168.0 km NE of Ammochostos,55594,31.61,0.0,90.0,4.7,142.0,0.0,1.68,232.0,0.0,,,,,,,,felt,2021-07-22T08:24:37.520Z,,,,Nanometrics,0.0,
athena_event_details,20150727-20,1000007553,2015-07-27T09:55:10Z,,0.23,35.893667,31.146167,,,4.3,Ml,22.16,1.83,12,14,160.0,m,Mediterranean Sea,151.0 km NW of Polis,55531,1.85,13.0,82.0,1.13,207.0,7.0,0.44,117.0,2.0,,,,,,,,"",2015-07-27T11:42:20.000Z,,,,Nanometrics,0.0,
athena_event_details,20150721-27,1000001044,2015-07-21T16:29:17Z,,0.44,34.751667,32.9785,,,4.4,Ml,20.70,1.06,13,19,78.0,m,FELT EARTHQUAKE,10.0 km NW of Lemesos,58248,1.52,4.0,44.0,0.74,131.0,31.0,0.64,241.0,30.0,,,,,,,,felt,2021-07-22T08:19:39.724Z,,,,Nanometrics,0.0,
athena_event_details,20150708-6,7349,2015-07-08T22:14:01Z,,0.25,37.64,29.589667,,,4.4,Ml,8.14,2.86,14,15,225.0,m,,386.0 km NW of Polis,55118,3.14,22.0,65.0,1.01,182.0,23.0,0.75,275.0,8.0,,,,,,,,"",2015-07-09T11:10:25.000Z,,,,Nanometrics,0.0,
athena_event_details,20150415-15,6791,2015-04-15T08:33:49Z,,0.26,34.840167,32.416667,,,4.0,Ml,24.38,0.52,10,17,70.0,m,FELT EARTHQUAKE,8.0 km N of Pafos,54169,0.87,15.0,36.0,0.65,113.0,11.0,0.45,217.0,52.0,,,,,,,,felt,2021-07-22T07:09:19.039Z,,,,Nanometrics,0.0,
athena_event_details,20150415-11,54066,2015-04-15T08:25:12Z,,0.35,34.823833,32.369,,,5.6,Ml,27.62,0.88,9,14,137.0,m,FELT EARTHQUAKE,8.0 km NW of Pafos,54165,1.38,27.0,39.0,1.11,119.0,2.0,0.64,211.0,51.0,,,,,71.0,97.0,92.0,felt,2023-01-05T09:35:04.522Z,20.0,270.0,83.0,Nanometrics,0.0,
athena_event_details,20150301-5,6581,2015-03-01T12:10:54Z,,0.34,32.240833,30.426,,,4.2,Ml,32.48,30.90,11,14,279.0,m,Mediterranean Sea,336.0 km SW of Pafos,53817,30.9,0.0,90.0,2.2,240.0,0.0,1.15,330.0,0.0,,,,,,,,"",2015-03-02T11:42:04.000Z,,,,Nanometrics,0.0,
athena_event_details,20150227-8,1000006575,2015-02-27T12:53:12Z,,0.36,32.014167,31.362333,,,4.6,Ml,32.13,32.61,11,16,246.0,m,Mediterranean Sea,321.0 km S of Pafos,53816,32.61,0.0,90.0,1.98,242.0,0.0,0.85,332.0,0.0,,,,,,,,"",2015-03-02T11:27:08.000Z,,,,Nanometrics,0.0,
athena_event_details,20150216-3,53662,2015-02-16T11:52:44Z,,1.43,37.192167,29.8555,,,4.7,Ml,0.02,6.65,14,19,211.0,m,,334.0 km NW of Polis,53716,9.64,313.0,43.0,4.13,67.0,22.0,4.03,175.0,38.0,,,,,,,,"",2015-02-16T12:19:17.000Z,,,,Nanometrics,0.0,
athena_event_details,20150210-9,1000006520,2015-02-10T08:56:30Z,,0.3,37.03,30.216333,,,4.6,Ml,3.07,1.17,10,13,239.0,m,,298.0 km NW of Polis,53689,1.71,183.0,15.0,1.25,321.0,68.0,0.68,89.0,14.0,,,,,,,,"",2015-02-11T09:46:02.000Z,,,,Nanometrics,0.0,
athena_event_details,20150210-3,atlas@53681,2015-02-10T04:01:57Z,,0.51,36.058167,35.933333,,,4.7,Ml,14.86,4.12,11,13,145.0,m,,208.0 km NE of Ammochostos,53681,4.14,297.0,84.0,2.1,132.0,5.0,1.11,42.0,2.0,,,,,,,,"",2015-02-10T07:14:52.000Z,,,,Nanometrics,0.0,
athena_event_details,20150123-7,53539,2015-01-23T15:10:39Z,,0.67,35.914667,31.0405,,,4.2,Ml,17.27,3.98,12,22,158.0,m,Mediterranean Sea,160.0 km NW of Polis,53584,4.12,25.0,75.0,2.6,214.0,14.0,1.07,123.0,2.0,,,,,,,,"",2015-01-26T10:01:18.000Z,,,,Nanometrics,0.0,
athena_event_details,20150108-4,1000006400,2015-01-08T18:44:44Z,,0.28,37.257167,36.765667,,,4.5,Ml,2.53,1.77,12,12,223.0,m,,347.0 km NE of Ammochostos,53475,4.88,356.0,21.0,1.83,167.0,68.0,0.67,265.0,3.0,,,,,,,,"",2015-01-09T13:48:50.000Z,,,,Nanometrics,0.0,
athena_event_details,20150106-3,53426,2015-01-06T22:16:46Z,,1.49,36.767833,34.572,,,4.2,Ml,3.00,31.61,9,10,211.0,m,,192.0 km N of Ammochostos,53456,31.61,0.0,90.0,9.37,145.0,0.0,3.62,235.0,0.0,,,,,,,,"",2015-01-07T10:41:14.000Z,,,,Nanometrics,0.0,
athena_event_details,20141204-3,6265,2014-12-04T05:35:24Z,,0.29,35.825833,29.168167,,,4.3,Ml,23.42,1.32,14,18,153.0,m,Mediterranean Sea,309.0 km W of Polis,53228,1.58,39.0,56.0,0.76,234.0,32.0,0.66,140.0,7.0,,,,,,,,"",2014-12-04T13:14:37.000Z,,,,Nanometrics,0.0,
athena_event_details,20141112-15,1000001068,2014-11-12T16:25:38Z,,1.78,36.014667,31.74,,,4.2,Ml,24.56,39.18,10,17,293.0,m,Mediterranean Sea,126.0 km NW of Polis,58239,51.02,334.0,50.0,7.2,140.0,38.0,6.64,236.0,7.0,,,,,,,,"",2016-08-17T12:16:25.000Z,,,,Nanometrics,0.0,
athena_event_details,20141020-1,atlas@52831,2014-10-20T21:54:03Z,,0.23,35.983833,31.031167,,,4.0,Ml,65.08,5.05,9,12,161.0,m,Mediterranean Sea,165.0 km NW of Polis,52831,5.17,27.0,77.0,1.71,204.0,12.0,0.54,294.0,1.0,,,,,,,,"",2014-10-21T06:23:14.000Z,,,,Nanometrics,0.0,
athena_event_details,20141018-2,52831,2014-10-18T13:41:34Z,,0.93,35.8315,30.906833,,,4.2,Ml,9.25,4.70,13,20,149.0,m,Mediterranean Sea,164.0 km NW of Polis,52828,4.98,10.0,70.0,3.13,211.0,18.0,1.24,119.0,7.0,,,,,,,,"",2014-10-20T09:24:39.000Z,,,,Nanometrics,0.0,
athena_event_details,20141016-5,52818,2014-10-16T12:40:07Z,,0.42,35.819667,30.927,,,4.4,Ml,8.62,2.33,11,13,150.0,m,Mediterranean Sea,162.0 km NW of Polis,52826,2.51,30.0,68.0,1.61,207.0,21.0,0.69,297.0,1.0,,,,,,,,"",2014-10-17T07:14:06.000Z,,,,Nanometrics,0.0,
athena_event_details,20141016-1,atlas@52821,2014-10-16T06:10:33Z,,0.64,35.875667,30.942833,,,4.3,Ml,12.41,3.01,13,20,152.0,m,Mediterranean Sea,164.0 km NW of Polis,52821,3.06,296.0,79.0,2.37,25.0,0.0,0.87,115.0,11.0,,,,,,,,"",2014-10-16T06:51:12.000Z,,,,Nanometrics,0.0,
athena_event_details,20141004-14,1000005905,2014-10-04T06:40:34Z,,0.26,36.278833,29.216667,,,4.0,Ml,47.83,1.73,14,18,122.0,m,,322.0 km NW of Polis,52767,1.8,9.0,74.0,1.32,190.0,15.0,0.54,280.0,0.0,,,,,,,,"",2014-10-07T12:54:19.000Z,,,,Nanometrics,0.0,
athena_event_details,20141001-11,5881,2014-10-01T07:16:29Z,,0.51,36.972667,29.424,,,4.3,Ml,0.43,1.88,15,19,204.0,m,,346.0 km NW of Polis,52706,2.8,357.0,42.0,1.57,192.0,46.0,0.96,94.0,8.0,,,,,,,,"",2014-10-02T10:29:37.000Z,,,,Nanometrics,0.0,
athena_event_details,20140912-15,1000005773,2014-09-12T22:55:38Z,,0.51,36.150167,30.9725,,,4.7,Ml,32.26,44.37,15,20,167.0,m,Mediterranean Sea,181.0 km NW of Polis,52540,44.37,0.0,90.0,2.28,205.0,0.0,0.84,295.0,0.0,,,,,,,,"",2014-09-15T10:54:35.000Z,,,,Nanometrics,0.0,
athena_event_details,20140904-8,1000005726,2014-09-04T21:00:01Z,,0.4,36.414167,30.974667,,,5.5,Ml,79.96,5.06,14,21,212.0,m,FELT EARTHQUAKE; Mediterranean Sea,202.0 km NW of Polis,52446,5.12,213.0,81.0,2.55,16.0,8.0,0.71,106.0,3.0,,,,,,,,felt,2021-07-22T09:11:50.292Z,,,,Nanometrics,0.0,
athena_event_details,20140824-15,atlas@52333,2014-08-24T13:06:51Z,,0.49,35.431,31.319,,,4.4,Ml,11.39,2.11,10,15,279.0,m,Mediterranean Sea,110.0 km NW of Polis,52333,2.83,339.0,12.0,2.5,89.0,57.0,1.38,242.0,30.0,,,,,,,,"",2014-08-25T08:22:40.000Z,,,,Nanometrics,0.0,
athena_event_details,20140712-1,1000001609,2014-07-12T21:58:22Z,,0.61,36.661333,35.8615,,,4.3,Ml,5.00,31.61,10,14,182.0,m,,243.0 km NE of Ammochostos,51997,31.61,0.0,90.0,3.41,147.0,0.0,1.14,237.0,0.0,,,,,,,,"",2014-07-14T09:05:18.000Z,,,,Nanometrics,0.0,
athena_event_details,20140710-1,1000001603,2014-07-10T07:58:08Z,,0.78,36.1675,30.217333,,,4.1,Ml,7.00,31.61,12,17,137.0,m,Mediterranean Sea,237.0 km NW of Polis,51994,31.61,0.0,90.0,2.38,208.0,0.0,1.28,298.0,0.0,,,,,,,,"",2014-07-10T09:55:36.000Z,,,,Nanometrics,0.0,
athena_event_details,20140705-8,1000001599,2014-07-05T21:41:36Z,,0.74,33.583,35.400833,,,4.2,Ml,20.00,31.61,14,20,158.0,m,,207.0 km SE of Paralimni,51982,31.61,0.0,90.0,3.14,249.0,0.0,1.51,339.0,0.0,,,,,,,,"",2014-07-07T06:25:10.000Z,,,,Nanometrics,0.0,
athena_event_details,20140630-9,1000001080,2014-06-30T16:35:23Z,,0.26,35.088667,33.840667,,,4.0,Ml,51.48,1.10,10,15,200.0,m,,10.0 km W of Ammochostos,58234,1.65,131.0,41.0,1.6,11.0,29.0,0.96,258.0,35.0,,,,,,,,"",2016-08-17T10:44:34.000Z,,,,Nanometrics,0.0,
athena_event_details,20140619-16,1000001127,2014-06-19T20:30:49Z,,0.57,35.676167,32.215167,,,4.8,Ml,69.80,4.43,11,19,273.0,m,FELT EARTHQUAKE; Mediterranean Sea,74.0 km N of Polis,58233,5.56,154.0,52.0,2.73,349.0,36.0,1.72,254.0,7.0,,,,,,,,felt,2021-07-22T09:09:18.023Z,,,,Nanometrics,0.0,
athena_event_details,20140609-10,atlas@51714,2014-06-09T03:38:34Z,,0.64,36.958667,35.941167,,,4.9,Ml,19.63,5.45,7,11,199.0,m,,272.0 km NE of Ammochostos,51714,6.43,330.0,58.0,3.36,150.0,31.0,1.45,240.0,0.0,,,,,,,,"",2020-04-22T10:55:01.677Z,,,,Nanometrics,0.0,
athena_event_details,20140525-9,1000001380,2014-05-25T12:22:55Z,,0.24,34.180833,35.553833,,,4.2,Ml,24.95,2.55,11,16,230.0,m,,172.0 km SE of Paralimni,51580,3.28,61.0,51.0,1.39,228.0,38.0,0.58,323.0,6.0,,,,,,,,"",2020-04-22T10:54:29.837Z,,,,Nanometrics,0.0,
athena_event_details,20140505-6,1000001286,2014-05-05T05:05:41Z,,0.08,36.317,31.399,,,4.6,Ml,61.64,6.11,6,10,193.0,m,Mediterranean Sea,171.0 km NW of Polis,51371,6.36,224.0,73.0,1.73,34.0,15.0,0.41,125.0,3.0,,,,,,,,"",2020-04-22T10:52:30.194Z,,,,Nanometrics,0.0,
athena_event_details,20140426-5,1000001100,2014-04-26T04:04:31Z,,0.22,36.1565,32.262,,,4.3,Ml,88.53,2.70,12,16,200.0,m,,125.0 km NW of Morphou,58230,2.73,183.0,81.0,1.22,40.0,6.0,0.52,309.0,5.0,,,,,,,,"",2016-08-17T10:26:15.000Z,,,,Nanometrics,0.0,
athena_event_details,20140421-8,1000001094,2014-04-21T13:05:57Z,,0.23,35.5805,31.641,,,4.0,Ml,31.02,1.28,12,16,155.0,m,Mediterranean Sea,94.0 km NW of Polis,58228,1.29,255.0,84.0,0.89,35.0,4.0,0.45,125.0,4.0,,,,,,,,"",2016-08-17T10:20:43.000Z,,,,Nanometrics,0.0,
athena_event_details,20140416-8,1000001092,2014-04-16T23:49:51Z,,0.33,36.179833,31.389333,,,4.8,Ml,42.90,13.36,13,19,181.0,m,Mediterranean Sea,159.0 km NW of Polis,58227,13.36,263.0,89.0,1.69,31.0,0.0,0.54,121.0,1.0,,,,,,,,"",2016-08-17T10:18:43.000Z,,,,Nanometrics,0.0,
athena_event_details,20140407-9,1000001089,2014-04-07T01:01:45Z,,0.34,36.024833,31.780167,,,4.5,Ml,29.70,2.43,14,17,136.0,m,Mediterranean Sea,125.0 km NW of Polis,58226,2.59,30.0,69.0,1.09,211.0,20.0,0.64,301.0,0.0,,,,,,,,"",2016-08-17T10:15:03.000Z,,,,Nanometrics,0.0,
athena_event_details,20140306-7,1000001083,2014-03-06T15:15:20Z,,0.29,35.7565,31.268333,,,4.7,Ml,11.79,1.23,13,15,154.0,m,Mediterranean Sea,133.0 km NW of Polis,58223,1.52,38.0,53.0,1.24,211.0,35.0,0.43,303.0,3.0,,,,,,,,"",2016-08-17T09:53:18.000Z,,,,Nanometrics,0.0,
athena_event_details,20140302-1,HYDRA_RED@4643,2014-03-02T04:26:02Z,,0.3,36.577,35.3245,,,4.5,Ml,16.50,2.20,12,18,153.0,m,,204.0 km NE of Ammochostos,45223,2.29,344.0,73.0,1.18,150.0,16.0,0.8,241.0,4.0,,,,,,,,"",2020-04-22T10:50:08.362Z,,,,Nanometrics,0.0,
athena_event_details,20140222-3,HYDRA_RED@4608,2014-02-22T15:42:07Z,,0.45,37.367,36.465333,,,4.8,Ml,0.01,2.08,13,20,201.0,m,,337.0 km NE of Ammochostos,39580,3.69,358.0,34.0,1.31,148.0,51.0,0.96,257.0,15.0,,,,,,,,"",2020-04-22T10:49:11.052Z,,,,Nanometrics,0.0,
athena_event_details,20140214-1,HYDRA_RED@4573,2014-02-14T00:33:37Z,,0.52,36.784167,35.986333,,,4.8,Ml,1.83,1.67,13,21,187.0,m,,261.0 km NE of Ammochostos,39517,2.62,333.0,7.0,1.76,85.0,70.0,0.89,241.0,18.0,,,,,,,,"",2020-04-22T10:49:06.536Z,,,,Nanometrics,0.0,
athena_event_details,20140203-8,1000001040,2014-02-03T18:29:45Z,,0.12,34.942167,32.598333,,,4.5,Ml,28.70,0.49,9,13,101.0,m,FELT EARTHQUAKE,18.0 km SE of Polis,58222,0.88,238.0,33.0,0.48,341.0,18.0,0.29,95.0,51.0,,,,,,,,felt,2021-07-22T08:58:36.712Z,,,,Nanometrics,0.0,
athena_event_details,20140129-4,atlas@24359,2014-01-29T10:02:33Z,,0.26,35.928667,29.167167,,,4.2,Ml,28.59,1.78,9,17,142.0,m,Mediterranean Sea,312.0 km W of Polis,24359,1.78,254.0,88.0,1.21,0.0,0.0,0.47,90.0,2.0,,,,,,,,"",2020-04-22T10:48:59.051Z,,,,Nanometrics,0.0,
athena_event_details,20131228-15,atlas@24122,2013-12-28T18:55:02Z,,0.47,35.694,31.382667,,,4.1,Ml,23.41,4.08,6,10,142.0,m,Mediterranean Sea,120.0 km NW of Polis,24122,4.87,16.0,56.0,3.65,202.0,33.0,1.04,110.0,3.0,,,,,,,,"",2020-04-22T10:47:46.697Z,,,,Nanometrics,0.0,
athena_event_details,20131228-18,1000000788,2013-12-28T15:21:05Z,,0.77,35.8865,31.18,,,6.0,Ml,60.00,31.61,8,12,170.0,m,FELT EARTHQUAKE; Mediterranean Sea,148.0 km NW of Polis,24153,31.61,0.0,90.0,5.81,211.0,0.0,1.4,301.0,0.0,,,,,,,,felt,2021-07-22T09:23:18.850Z,,,,Nanometrics,0.0,
athena_event_details,20131225-2,HYDRA_RED@4335,2013-12-25T18:11:36Z,,0.41,36.9055,31.265167,,,4.7,Ml,75.96,8.16,11,20,182.0,m,,233.0 km NW of Polis,24086,8.42,224.0,75.0,2.02,16.0,12.0,0.85,107.0,7.0,,,,,,,,"",2020-04-22T10:47:44.645Z,,,,Nanometrics,0.0,
athena_event_details,20131208-9,atlas@23789,2013-12-08T17:31:58Z,,0.61,36.530333,31.349,,,5.4,Ml,57.75,41.22,9,15,333.0,m,Mediterranean Sea,193.0 km NW of Polis,23789,42.05,179.0,78.0,6.28,43.0,8.0,3.4,312.0,8.0,,,,,,,,"",2020-04-22T10:47:37.497Z,,,,Nanometrics,0.0,
athena_event_details,20131206-8,atlas@23800,2013-12-06T16:37:27Z,,0.17,35.169333,30.555167,,,4.5,Ml,43.11,14.83,7,13,347.0,m,Mediterranean Sea,172.0 km W of Polis,23800,14.87,73.0,86.0,4.78,183.0,1.0,1.34,273.0,4.0,,,,,,,,"",2020-04-22T10:47:37.817Z,,,,Nanometrics,0.0,
athena_event_details,20131206-3,HYDRA_RED@3930,2013-12-06T09:30:22Z,,0.34,36.055167,31.213167,,,4.3,Ml,64.45,4.90,16,23,131.0,m,Mediterranean Sea,158.0 km NW of Polis,23657,4.92,236.0,84.0,2.06,26.0,4.0,0.58,116.0,3.0,,,,,,,,"",2020-04-22T10:47:36.506Z,,,,Nanometrics,0.0,
athena_event_details,20131122-17,1000001078,2013-11-22T12:00:25Z,,0.28,35.559833,31.967,,,4.2,Ml,30.13,2.09,12,17,162.0,m,Mediterranean Sea,72.0 km NW of Polis,58187,2.16,15.0,74.0,1.85,219.0,13.0,0.59,128.0,6.0,,,,,,,,"",2016-08-05T11:09:59.000Z,,,,Nanometrics,0.0,
athena_event_details,20131023-4,1000001130,2013-10-23T12:24:25Z,,0.61,36.070333,34.465333,,,4.6,Ml,21.97,6.16,12,13,140.0,m,Mediterranean Sea,116.0 km NE of Ammochostos,58185,6.5,66.0,71.0,2.41,316.0,6.0,1.8,224.0,18.0,,,,,,,,"",2016-08-05T10:53:20.000Z,,,,Nanometrics,0.0,
athena_event_details,20131015-12,1000000945,2013-10-15T01:15:34Z,,0.04,34.829167,33.900667,,,4.0,Ml,10.39,11.49,9,8,232.0,m,FELT EARTHQUAKE,24.0 km S of Paralimni,58183,11.52,22.0,85.0,0.95,161.0,3.0,0.38,251.0,3.0,,,,,,,,felt,2021-07-22T09:18:02.585Z,,,,Nanometrics,0.0,
athena_event_details,20130806-89,1000000018,2013-08-06T14:54:40Z,,0.47,36.257667,35.7515,,,4.0,Ml,8.52,3.10,8,14,169.0,m,,206.0 km NE of Ammochostos,20470,4.36,143.0,45.0,3.7,324.0,44.0,0.84,234.0,1.0,,,,,,,,"",2020-04-22T10:40:36.978Z,,,,Nanometrics,0.0,
athena_event_details,20130726-4,atlas@24277,2013-07-26T00:22:56Z,,0.34,36.0835,35.853833,,,4.2,Ml,14.04,2.14,10,19,152.0,m,,203.0 km NE of Ammochostos,24277,2.16,31.0,83.0,1.08,139.0,2.0,0.71,229.0,7.0,,,,,,,,"",2020-04-22T10:48:54.703Z,,,,Nanometrics,0.0,
athena_event_details,20130717-16,atlas@24255,2013-07-17T11:44:20Z,,0.46,36.003167,31.126333,,,4.1,Ml,24.48,2.54,9,16,164.0,m,Mediterranean Sea,160.0 km NW of Polis,24255,3.28,24.0,50.0,2.51,203.0,39.0,0.67,293.0,0.0,,,,,,,,"",2020-04-22T10:48:51.503Z,,,,Nanometrics,0.0,
athena_event_details,20130627-3,atlas@22907,2013-06-27T23:02:55Z,,0.41,36.696167,31.472167,,,4.1,Ml,48.72,20.81,8,13,237.0,m,,204.0 km NW of Polis,22907,21.14,199.0,79.0,2.61,36.0,9.0,1.21,305.0,3.0,,,,,,,,"",2020-04-22T10:46:18.387Z,,,,Nanometrics,0.0,
athena_event_details,20130303-1,analogue_network,2013-03-03T11:22:27Z,0.0,0.0,35.974,34.444,0.0,0.0,4.1,ML,25.00,7.00,7,0,0.0,m,Mediterranean Sea,105.0 km NE of Ammochostos,48588,,,,,,,,,,,,,,,,,"",2020-04-22T10:43:12.176Z,,,,Nanometrics,0.0,
athena_event_details,20130117-1,analogue_network,2013-01-17T21:17:43Z,0.0,0.0,32.838,30.36,0.0,0.0,4.5,ML,10.00,7.00,7,0,0.0,m,Mediterranean Sea,287.0 km SW of Pafos,48620,,,,,,,,,,,,,,,,,"",2014-04-08T12:27:45.000Z,,,,Nanometrics,0.0,
athena_event_details,20121114-2,analogue_network,2012-11-14T07:24:31Z,0.0,0.0,35.906,29.919,0.0,0.0,4.3,ML,12.00,7.00,7,0,0.0,m,Mediterranean Sea,247.0 km NW of Polis,48668,,,,,,,,,,,,,,,,,"",2020-04-22T10:44:05.517Z,,,,Nanometrics,0.0,
athena_event_details,20121114-4,analogue_network,2012-11-14T00:02:01Z,0.0,0.0,37.927,36.377,0.0,0.0,4.3,ML,15.00,7.00,7,0,0.0,m,,380.0 km NE of Ammochostos,48670,,,,,,,,,,,,,,,,,"",2020-04-22T10:44:05.644Z,,,,Nanometrics,0.0,
athena_event_details,20121019-1,analogue_network,2012-10-19T03:35:16Z,0.0,0.0,32.981,30.955,0.0,0.0,4.8,ML,11.00,7.00,7,0,0.0,m,Mediterranean Sea,240.0 km SW of Pafos,48702,,,,,,,,,,,,,,,,,"",2014-04-08T12:28:31.000Z,,,,Nanometrics,0.0,
athena_event_details,20120926-2,analogue_network,2012-09-26T01:28:33Z,0.0,0.0,34.965,30.048,0.0,0.0,4.3,ML,25.00,7.00,7,0,0.0,m,Mediterranean Sea,217.0 km W of Pafos,48721,,,,,,,,,,,,,,,,,"",2014-04-08T12:28:40.000Z,,,,Nanometrics,0.0,
athena_event_details,20120919-3,analogue_network,2012-09-19T09:17:57Z,0.0,0.0,36.176,36.939,0.0,0.0,4.5,ML,12.00,7.00,7,0,0.0,m,,295.0 km NE of Ammochostos,48731,,,,,,,,,,,,,,,,,"",2020-04-22T10:44:10.643Z,,,,Nanometrics,0.0,
athena_event_details,20120916-3,analogue_network,2012-09-16T07:54:17Z,0.0,0.0,37.346,35.629,0.0,0.0,4.7,ML,17.00,7.00,7,0,0.0,m,,290.0 km NE of Ammochostos,48736,,,,,,,,,,,,,,,,,"",2020-04-22T10:44:11.119Z,,,,Nanometrics,0.0,
athena_event_details,20120908-1,analogue_network,2012-09-08T10:01:13Z,0.0,0.0,36.931,36.934,0.0,0.0,4.0,ML,12.00,7.00,7,0,0.0,m,,336.0 km NE of Ammochostos,48742,,,,,,,,,,,,,,,,,"",2020-04-22T10:44:11.691Z,,,,Nanometrics,0.0,
athena_event_details,20120728-4,analogue_network,2012-07-28T23:29:49Z,0.0,0.0,34.902,34.428,0.0,0.0,4.5,ML,44.00,7.00,7,0,0.0,m,Mediterranean Sea,43.0 km E of Paralimni,44928,,,,,,,,,,,,,,,,,felt,2020-04-22T10:50:05.615Z,,,,Nanometrics,0.0,
athena_event_details,20120722-2,analogue_network,2012-07-22T09:26:02Z,0.0,0.0,37.656,36.639,0.0,0.0,4.7,ML,12.00,7.00,7,0,0.0,m,,371.0 km NE of Ammochostos,48791,,,,,,,,,,,,,,,,,"",2020-04-22T10:44:14.884Z,,,,Nanometrics,0.0,
athena_event_details,20120626-3,analogue_network,2012-06-26T14:34:18Z,0.0,0.0,35.508,31.218,0.0,0.0,4.0,ML,36.00,7.00,7,0,0.0,m,Mediterranean Sea,122.0 km NW of Polis,48817,,,,,,,,,,,,,,,,,"",2020-04-22T10:44:16.209Z,,,,Nanometrics,0.0,
athena_event_details,20120626-5,analogue_network,2012-06-26T14:11:21Z,0.0,0.0,35.444,31.436,0.0,0.0,4.1,ML,1.00,7.00,7,0,0.0,m,Mediterranean Sea,101.0 km NW of Polis,48819,,,,,,,,,,,,,,,,,"",2020-04-22T10:44:16.386Z,,,,Nanometrics,0.0,
athena_event_details,20120623-2,analogue_network,2012-06-23T18:47:15Z,0.0,0.0,35.917,31.028,0.0,0.0,4.3,ML,38.00,7.00,7,0,0.0,m,Mediterranean Sea,161.0 km NW of Polis,48826,,,,,,,,,,,,,,,,,"",2020-04-22T10:44:17.007Z,,,,Nanometrics,0.0,
athena_event_details,20120614-3,analogue_network,2012-06-14T16:46:06Z,0.0,0.0,36.497,29.022,0.0,0.0,4.3,ML,25.00,7.00,7,0,0.0,m,,348.0 km NW of Polis,48843,,,,,,,,,,,,,,,,,"",2020-04-22T10:44:18.450Z,,,,Nanometrics,0.0,
athena_event_details,20120613-3,analogue_network,2012-06-13T08:59:11Z,0.0,0.0,36.547,29.268,0.0,0.0,4.3,ML,25.00,7.00,7,0,0.0,m,,331.0 km NW of Polis,48850,,,,,,,,,,,,,,,,,"",2020-04-22T10:44:18.941Z,,,,Nanometrics,0.0,
athena_event_details,20120612-2,analogue_network,2012-06-12T21:58:15Z,0.0,0.0,36.366,29.229,0.0,0.0,4.1,ML,22.00,7.00,7,0,0.0,m,,325.0 km NW of Polis,48852,,,,,,,,,,,,,,,,,"",2020-04-22T10:44:19.037Z,,,,Nanometrics,0.0,
athena_event_details,20120611-2,analogue_network,2012-06-11T19:51:07Z,0.0,0.0,36.507,29.249,0.0,0.0,4.0,ML,44.00,7.00,7,0,0.0,m,,331.0 km NW of Polis,48855,,,,,,,,,,,,,,,,,"",2020-04-22T10:44:19.140Z,,,,Nanometrics,0.0,
athena_event_details,20120611-6,analogue_network,2012-06-11T02:06:38Z,0.0,0.0,36.094,29.097,0.0,0.0,4.0,ML,25.00,7.00,7,0,0.0,m,Mediterranean Sea,324.0 km W of Polis,48859,,,,,,,,,,,,,,,,,"",2020-04-22T10:44:19.360Z,,,,Nanometrics,0.0,
athena_event_details,20120610-9,analogue_network,2012-06-10T18:28:32Z,0.0,0.0,36.826,29.129,0.0,0.0,4.3,ML,25.00,7.00,7,0,0.0,m,,358.0 km NW of Polis,48868,,,,,,,,,,,,,,,,,"",2020-04-22T10:44:19.773Z,,,,Nanometrics,0.0,
athena_event_details,20120511-3,analogue_network,2012-05-11T18:48:33Z,0.0,0.0,34.303,34.244,0.0,0.0,5.5,ML,31.00,7.00,7,0,0.0,m,FELT EARTHQUAKE; Mediterranean sea,85.0 km S of Paralimni,44777,,,,,,,,,,,,,,,,,felt,2021-10-11T07:43:26.587Z,,,,Nanometrics,0.0,
athena_event_details,20120509-1,analogue_network,2012-05-09T10:48:11Z,0.0,0.0,34.64,32.959,0.0,0.0,4.1,ML,20.00,7.00,7,0,0.0,m,FELT EARTHQUAKE,8.0 km SW of Lemesos,44767,,,,,,,,,,,,,,,,,felt,2020-04-22T10:50:05.043Z,,,,Nanometrics,0.0,
athena_event_details,20120404-1,analogue_network,2012-04-04T00:33:03Z,0.0,0.0,37.675,29.339,0.0,0.0,4.3,ML,5.00,7.00,7,0,0.0,m,,404.0 km NW of Polis,48976,,,,,,,,,,,,,,,,,"",2020-04-22T10:44:24.418Z,,,,Nanometrics,0.0,
athena_event_details,20120313-1,analogue_network,2012-03-13T10:44:52Z,0.0,0.0,35.436,31.339,0.0,0.0,4.2,ML,50.00,7.00,7,0,0.0,m,Mediterranean Sea,109.0 km NW of Polis,48991,,,,,,,,,,,,,,,,,"",2020-04-22T10:44:25.429Z,,,,Nanometrics,0.0,
athena_event_details,20120309-1,analogue_network,2012-03-09T20:52:56Z,0.0,0.0,34.889,32.579,0.0,0.0,4.0,ML,15.00,7.00,7,0,0.0,m,FELT EARTHQUAKE,20.0 km NE of Pafos,44710,,,,,,,,,,,,,,,,,felt,2020-04-22T10:50:04.951Z,,,,Nanometrics,0.0,
athena_event_details,20120112-1,analogue_network,2012-01-12T00:26:29Z,0.0,0.0,36.347,31.238,0.0,0.0,4.3,ML,51.00,7.00,7,0,0.0,m,Mediterranean Sea,182.0 km NW of Polis,49028,,,,,,,,,,,,,,,,,"",2020-04-22T10:44:27.644Z,,,,Nanometrics,0.0,
athena_event_details,20120106-1,analogue_network,2012-01-06T20:35:17Z,0.0,0.0,36.285,29.461,0.0,0.0,4.1,ML,71.00,7.00,7,0,0.0,m,,302.0 km NW of Polis,49030,,,,,,,,,,,,,,,,,"",2020-04-22T10:44:27.846Z,,,,Nanometrics,0.0,
athena_event_details,20111215-1,analogue_network,2011-12-15T06:38:00Z,0.0,0.0,36.589,29.995,0.0,0.0,4.1,ML,61.00,7.00,7,0,0.0,m,,280.0 km NW of Polis,49049,,,,,,,,,,,,,,,,,"",2020-04-22T10:44:28.991Z,,,,Nanometrics,0.0,
athena_event_details,20111204-1,analogue_network,2011-12-04T20:55:23Z,0.0,0.0,33.241,35.701,0.0,0.0,4.1,ML,25.00,7.00,7,0,0.0,m,,254.0 km SE of Paralimni,49054,,,,,,,,,,,,,,,,,"",2020-04-22T10:44:29.215Z,,,,Nanometrics,0.0,
athena_event_details,20111015-2,analogue_network,2011-10-15T08:27:05Z,0.0,0.0,35.608,30.242,0.0,0.0,4.2,ML,16.00,7.00,7,0,0.0,m,Mediterranean Sea,209.0 km W of Polis,49110,,,,,,,,,,,,,,,,,"",2020-04-22T10:45:24.378Z,,,,Nanometrics,0.0,
athena_event_details,20111013-1,analogue_network,2011-10-13T17:14:16Z,0.0,0.0,35.737,32.16,0.0,0.0,4.1,ML,55.00,7.00,7,0,0.0,m,Mediterranean Sea,82.0 km N of Polis,49111,,,,,,,,,,,,,,,,,"",2020-04-22T10:45:24.549Z,,,,Nanometrics,0.0,
athena_event_details,20111012-1,analogue_network,2011-10-12T20:51:35Z,0.0,0.0,35.76,30.204,0.0,0.0,4.5,ML,25.00,7.00,7,0,0.0,m,Mediterranean Sea,218.0 km W of Polis,49112,,,,,,,,,,,,,,,,,"",2020-04-22T10:45:24.677Z,,,,Nanometrics,0.0,
athena_event_details,20110907-1,analogue_network,2011-09-07T13:30:23Z,0.0,0.0,37.748,35.653,0.0,0.0,4.0,ML,16.00,7.00,7,0,0.0,m,,330.0 km NE of Ammochostos,49149,,,,,,,,,,,,,,,,,"",2020-04-22T10:45:27.595Z,,,,Nanometrics,0.0,
athena_event_details,20110904-1,analogue_network,2011-09-04T17:41:15Z,0.0,0.0,36.043,30.86,0.0,0.0,4.2,ML,16.00,7.00,7,0,0.0,m,Mediterranean Sea,181.0 km NW of Polis,49153,,,,,,,,,,,,,,,,,"",2020-04-22T10:45:27.922Z,,,,Nanometrics,0.0,
athena_event_details,20110810-1,analogue_network,2011-08-10T19:31:40Z,0.0,0.0,36.055,30.336,0.0,0.0,4.2,ML,16.00,7.00,7,0,0.0,m,,221.0 km NW of Polis,49189,,,,,,,,,,,,,,,,,"",2020-04-22T10:45:30.480Z,,,,Nanometrics,0.0,
athena_event_details,20110807-2,analogue_network,2011-08-07T08:52:28Z,0.0,0.0,32.808,34.76,0.0,0.0,4.1,ML,35.00,7.00,7,0,0.0,m,,257.0 km SE of Larnaka,49193,,,,,,,,,,,,,,,,,"",2014-04-09T05:54:17.000Z,,,,Nanometrics,0.0,
athena_event_details,20110629-1,analogue_network,2011-06-29T19:48:07Z,0.0,0.0,37.635,35.175,0.0,0.0,4.5,ML,16.00,7.00,7,0,0.0,m,,301.0 km N of Ammochostos,49225,,,,,,,,,,,,,,,,,"",2020-04-22T10:45:32.457Z,,,,Nanometrics,0.0,
athena_event_details,20110628-2,analogue_network,2011-06-28T09:29:19Z,0.0,0.0,35.083,36.051,0.0,0.0,4.2,ML,5.00,7.00,7,0,0.0,m,,188.0 km E of Paralimni,49227,,,,,,,,,,,,,,,,,"",2020-04-22T10:45:32.580Z,,,,Nanometrics,0.0,
athena_event_details,20110615-3,analogue_network,2011-06-15T11:32:03Z,0.0,0.0,34.372,32.904,0.0,0.0,4.0,ML,1.00,7.00,7,0,0.0,m,Mediterranean Sea,36.0 km S of Lemesos,49247,,,,,,,,,,,,,,,,,"",2014-04-10T11:12:26.000Z,,,,Nanometrics,0.0,
athena_event_details,20110614-3,analogue_network,2011-06-14T23:14:28Z,0.0,0.0,35.081,29.442,0.0,0.0,4.4,ML,75.00,7.00,7,0,0.0,m,Mediterranean Sea,272.0 km W of Polis,49251,,,,,,,,,,,,,,,,,"",2020-04-22T10:45:33.924Z,,,,Nanometrics,0.0,
athena_event_details,20110614-4,analogue_network,2011-06-14T21:55:05Z,0.0,0.0,34.933,29.396,0.0,0.0,4.1,ML,38.00,7.00,7,0,0.0,m,Mediterranean Sea,276.0 km W of Pafos,49252,,,,,,,,,,,,,,,,,"",2014-04-09T05:54:50.000Z,,,,Nanometrics,0.0,
athena_event_details,20110609-2,analogue_network,2011-06-09T08:14:28Z,0.0,0.0,34.997,29.381,0.0,0.0,4.0,ML,40.00,7.00,7,0,0.0,m,Mediterranean Sea,278.0 km W of Polis,49259,,,,,,,,,,,,,,,,,"",2020-04-22T10:45:34.317Z,,,,Nanometrics,0.0,
athena_event_details,20110522-2,analogue_network,2011-05-22T02:12:10Z,0.0,0.0,36.104,31.579,0.0,0.0,4.3,ML,46.00,7.00,7,0,0.0,m,Mediterranean Sea,142.0 km NW of Polis,49277,,,,,,,,,,,,,,,,,"",2020-04-22T10:45:35.227Z,,,,Nanometrics,0.0,
athena_event_details,20110423-2,analogue_network,2011-04-23T05:22:16Z,0.0,0.0,37.467,35.1,0.0,0.0,4.3,ML,17.00,7.00,7,0,0.0,m,,281.0 km N of Ammochostos,49306,,,,,,,,,,,,,,,,,"",2020-04-22T10:45:36.810Z,,,,Nanometrics,0.0,
athena_event_details,20110418-1,analogue_network,2011-04-18T12:50:39Z,0.0,0.0,34.959,34.625,0.0,0.0,4.0,ML,11.00,7.00,7,0,0.0,m,Mediterranean Sea,59.0 km E of Paralimni,49309,,,,,,,,,,,,,,,,,"",2020-04-22T10:45:37.002Z,,,,Nanometrics,0.0,
athena_event_details,20110326-1,analogue_network,2011-03-26T16:25:15Z,0.0,0.0,34.354,32.058,0.0,0.0,4.0,ML,31.00,7.00,7,0,0.0,m,FELT EARTHQUAKE; Mediterranean sea,56.0 km SW of Pafos,44360,,,,,,,,,,,,,,,,,felt,2021-10-12T07:00:50.799Z,,,,Nanometrics,0.0,
athena_event_details,20110322-2,analogue_network,2011-03-22T00:44:16Z,0.0,0.0,37.616,35.816,0.0,0.0,4.0,ML,11.00,7.00,7,0,0.0,m,,324.0 km NE of Ammochostos,49339,,,,,,,,,,,,,,,,,"",2020-04-22T10:45:38.486Z,,,,Nanometrics,0.0,
athena_event_details,20110320-1,analogue_network,2011-03-20T05:29:57Z,0.0,0.0,36.717,34.67,0.0,0.0,4.1,ML,25.00,7.00,7,0,0.0,m,,189.0 km N of Ammochostos,49341,,,,,,,,,,,,,,,,,"",2020-04-22T10:45:38.660Z,,,,Nanometrics,0.0,
athena_event_details,20110317-1,analogue_network,2011-03-17T18:54:27Z,0.0,0.0,35.369,36.268,0.0,0.0,4.0,ML,16.00,7.00,7,0,0.0,m,,211.0 km E of Paralimni,49344,,,,,,,,,,,,,,,,,"",2020-04-22T10:44:57.892Z,,,,Nanometrics,0.0,
athena_event_details,20110316-1,analogue_network,2011-03-16T11:17:56Z,0.0,0.0,37.4,30.119,0.0,0.0,4.1,ML,37.00,7.00,7,0,0.0,m,,335.0 km NW of Polis,49345,,,,,,,,,,,,,,,,,"",2020-04-22T10:45:38.722Z,,,,Nanometrics,0.0,
athena_event_details,20110102-1,analogue_network,2011-01-02T04:18:29Z,0.0,0.0,34.277,29.05,0.0,0.0,4.1,ML,16.00,7.00,7,0,0.0,m,Mediterranean Sea,313.0 km W of Pafos,49419,,,,,,,,,,,,,,,,,"",2014-04-09T05:56:28.000Z,,,,Nanometrics,0.0,
athena_event_details,20110101-1,analogue_network,2011-01-01T16:31:11Z,0.0,0.0,32.669,35.76,0.0,0.0,4.0,ML,25.00,7.00,7,0,0.0,m,,310.0 km SE of Paralimni,49420,,,,,,,,,,,,,,,,,"",2020-04-22T10:45:43.463Z,,,,Nanometrics,0.0,
athena_event_details,20101116-3,analogue_network,2010-11-16T10:50:36Z,0.0,0.0,37.333,36.422,0.0,0.0,4.1,ML,22.00,7.00,7,0,0.0,m,,331.0 km NE of Ammochostos,49459,,,,,,,,,,,,,,,,,"",2020-04-22T10:45:47.424Z,,,,Nanometrics,0.0,
athena_event_details,20101114-1,analogue_network,2010-11-14T23:08:24Z,0.0,0.0,37.25,35.812,0.0,0.0,4.9,ML,25.00,7.00,7,0,0.0,m,,290.0 km NE of Ammochostos,49464,,,,,,,,,,,,,,,,,"",2020-04-22T10:45:47.551Z,,,,Nanometrics,0.0,
athena_event_details,20101029-1,analogue_network,2010-10-29T13:46:46Z,0.0,0.0,37.048,30.763,0.0,0.0,4.0,ML,52.00,7.00,7,0,0.0,m,,270.0 km NW of Polis,49482,,,,,,,,,,,,,,,,,"",2020-04-22T10:45:48.829Z,,,,Nanometrics,0.0,
athena_event_details,20101026-3,analogue_network,2010-10-26T15:39:16Z,0.0,0.0,37.977,34.29,0.0,0.0,4.1,ML,10.00,7.00,7,0,0.0,m,,306.0 km N of Kyrenia,49487,,,,,,,,,,,,,,,,,"",2020-04-22T10:45:49.340Z,,,,Nanometrics,0.0,
athena_event_details,20101015-1,analogue_network,2010-10-15T05:33:10Z,0.0,0.0,36.166,30.325,0.0,0.0,4.1,ML,81.00,7.00,7,0,0.0,m,,228.0 km NW of Polis,49501,,,,,,,,,,,,,,,,,"",2020-04-22T10:46:45.952Z,,,,Nanometrics,0.0,
athena_event_details,20101014-2,analogue_network,2010-10-14T09:08:24Z,0.0,0.0,36.35,29.902,0.0,0.0,4.1,ML,16.00,7.00,7,0,0.0,m,,271.0 km NW of Polis,49504,,,,,,,,,,,,,,,,,"",2020-04-22T10:46:46.484Z,,,,Nanometrics,0.0,
athena_event_details,20100805-3,analogue_network,2010-08-05T05:31:24Z,0.0,0.0,37.347,35.08,0.0,0.0,4.1,ML,16.00,7.00,7,0,0.0,m,,268.0 km N of Ammochostos,49574,,,,,,,,,,,,,,,,,"",2020-04-22T10:46:51.159Z,,,,Nanometrics,0.0,
athena_event_details,20100727-1,analogue_network,2010-07-27T16:07:44Z,0.0,0.0,35.2,33.151,0.0,0.0,4.0,ML,54.00,7.00,7,0,0.0,m,FELT EARTHQUAKE,14.0 km E of Morphou,44103,,,,,,,,,,,,,,,,,felt,2020-04-22T10:50:03.550Z,,,,Nanometrics,0.0,
athena_event_details,20100725-3,analogue_network,2010-07-25T17:06:24Z,0.0,0.0,37.038,30.72,0.0,0.0,4.1,ML,16.00,7.00,7,0,0.0,m,,271.0 km NW of Polis,49586,,,,,,,,,,,,,,,,,"",2020-04-22T10:46:51.726Z,,,,Nanometrics,0.0,
athena_event_details,20100721-1,analogue_network,2010-07-21T20:12:19Z,0.0,0.0,34.863,30.013,0.0,0.0,4.0,ML,25.00,7.00,7,0,0.0,m,Mediterranean Sea,220.0 km W of Pafos,49592,,,,,,,,,,,,,,,,,"",2014-04-09T05:58:01.000Z,,,,Nanometrics,0.0,
athena_event_details,20100720-4,analogue_network,2010-07-20T06:02:33Z,0.0,0.0,36.887,31.75,0.0,0.0,4.0,ML,16.00,7.00,7,0,0.0,m,,215.0 km N of Polis,49596,,,,,,,,,,,,,,,,,"",2020-04-22T10:46:52.241Z,,,,Nanometrics,0.0,
athena_event_details,20100705-1,analogue_network,2010-07-05T22:05:20Z,0.0,0.0,37.678,35.643,0.0,0.0,4.1,ML,25.00,7.00,7,0,0.0,m,,323.0 km NE of Ammochostos,49605,,,,,,,,,,,,,,,,,"",2020-04-22T10:46:52.952Z,,,,Nanometrics,0.0,
athena_event_details,20100526-2,analogue_network,2010-05-26T14:22:19Z,0.0,0.0,36.885,29.661,0.0,0.0,4.1,ML,66.00,7.00,7,0,0.0,m,,323.0 km NW of Polis,49645,,,,,,,,,,,,,,,,,"",2020-04-22T10:46:55.594Z,,,,Nanometrics,0.0,
athena_event_details,20100409-1,analogue_network,2010-04-09T07:09:15Z,0.0,0.0,35.903,29.553,0.0,0.0,4.1,ML,25.00,7.00,7,0,0.0,m,Mediterranean Sea,278.0 km W of Polis,49730,,,,,,,,,,,,,,,,,"",2020-04-22T10:46:59.322Z,,,,Nanometrics,0.0,
athena_event_details,20100402-1,analogue_network,2010-04-02T01:05:27Z,0.0,0.0,36.137,31.25,0.0,0.0,4.0,ML,27.00,7.00,7,0,0.0,m,Mediterranean Sea,163.0 km NW of Polis,49739,,,,,,,,,,,,,,,,,"",2020-04-22T10:46:59.798Z,,,,Nanometrics,0.0,
athena_event_details,20100313-2,analogue_network,2010-03-13T10:27:43Z,0.0,0.0,36.102,31.038,0.0,0.0,4.2,ML,39.00,7.00,7,0,0.0,m,Mediterranean Sea,173.0 km NW of Polis,49775,,,,,,,,,,,,,,,,,"",2020-04-22T10:47:01.822Z,,,,Nanometrics,0.0,
athena_event_details,20100309-1,analogue_network,2010-03-09T00:50:51Z,0.0,0.0,33.589,34.764,0.0,0.0,4.0,ML,39.00,7.00,7,0,0.0,m,Mediterranean Sea,176.0 km SE of Paralimni,49780,,,,,,,,,,,,,,,,,"",2020-04-22T10:47:02.178Z,,,,Nanometrics,0.0,
athena_event_details,20100307-1,analogue_network,2010-03-07T23:28:57Z,0.0,0.0,37.472,35.349,0.0,0.0,4.1,ML,14.00,7.00,7,0,0.0,m,,290.0 km NE of Ammochostos,49781,,,,,,,,,,,,,,,,,"",2020-04-22T10:47:02.260Z,,,,Nanometrics,0.0,
athena_event_details,20100301-1,analogue_network,2010-03-01T15:07:00Z,0.0,0.0,36.027,31.828,0.0,0.0,4.0,ML,15.00,7.00,7,0,0.0,m,Mediterranean Sea,123.0 km NW of Polis,49792,,,,,,,,,,,,,,,,,"",2020-04-22T10:47:02.500Z,,,,Nanometrics,0.0,
athena_event_details,20100223-6,analogue_network,2010-02-23T02:36:56Z,0.0,0.0,36.559,29.016,0.0,0.0,4.0,ML,49.00,7.00,7,0,0.0,m,,352.0 km NW of Polis,49802,,,,,,,,,,,,,,,,,"",2020-04-22T10:47:02.731Z,,,,Nanometrics,0.0,
athena_event_details,20091222-1,analogue_network,2009-12-22T06:06:19Z,0.0,0.0,35.914,31.43,0.0,0.0,5.0,ML,25.00,7.00,7,0,0.0,m,FELT EARTHQUAKE; Mediterranean Sea,134.0 km NW of Polis,43807,,,,,,,,,,,,,,,,,felt,2021-09-17T12:02:26.184Z,,,,Nanometrics,0.0,
athena_event_details,20091124-2,analogue_network,2009-11-24T02:00:03Z,0.0,0.0,35.957,30.131,0.0,0.0,4.2,ML,5.00,7.00,7,0,0.0,m,Mediterranean Sea,232.0 km NW of Polis,49887,,,,,,,,,,,,,,,,,"",2020-04-22T10:47:07.135Z,,,,Nanometrics,0.0,
athena_event_details,20091107-1,analogue_network,2009-11-07T03:13:48Z,0.0,0.0,35.794,32.178,0.0,0.0,4.2,ML,60.00,7.00,7,0,0.0,m,Mediterranean Sea,88.0 km N of Polis,49906,,,,,,,,,,,,,,,,,"",2020-04-22T10:47:07.894Z,,,,Nanometrics,0.0,
athena_event_details,20090922-1,analogue_network,2009-09-22T22:11:30Z,0.0,0.0,36.666,31.323,0.0,0.0,4.3,ML,0,7.00,7,0,0.0,m,,207.0 km NW of Polis,49981,,,,,,,,,,,,,,,,,"",2020-04-22T10:48:12.301Z,,,,Nanometrics,0.0,
athena_event_details,20090922-2,analogue_network,2009-09-22T22:11:30Z,0.0,0.0,36.615,31.211,0.0,0.0,4.3,ML,1.00,7.00,7,0,0.0,m,Mediterranean Sea,208.0 km NW of Polis,49982,,,,,,,,,,,,,,,,,"",2020-04-22T10:48:12.358Z,,,,Nanometrics,0.0,
athena_event_details,20090916-1,analogue_network,2009-09-16T14:09:42Z,0.0,0.0,34.862,33.059,0.0,0.0,4.6,ML,1.00,0,7,0,0.0,m,FELT EARTHQUAKE,21.0 km N of Lemesos,43649,,,,,,,,,,,,,,,,,felt,2020-04-22T10:50:02.762Z,,,,Nanometrics,0.0,
athena_event_details,20090825-1,analogue_network,2009-08-25T06:28:38Z,0.0,0.0,34.685,33.131,0.0,0.0,4.5,ML,31.00,7.00,7,0,0.0,m,FELT EARTHQUAKE,9.0 km E of Lemesos,43605,,,,,,,,,,,,,,,,,felt,2020-04-22T10:50:02.566Z,,,,Nanometrics,0.0,
athena_event_details,20090728-1,analogue_network,2009-07-28T17:38:50Z,0.0,0.0,36.375,29.737,0.0,0.0,4.4,ML,55.00,7.00,7,0,0.0,m,,286.0 km NW of Polis,50076,,,,,,,,,,,,,,,,,"",2020-04-22T10:48:15.688Z,,,,Nanometrics,0.0,
athena_event_details,20090724-1,analogue_network,2009-07-24T05:48:25Z,0.0,0.0,37.901,34.361,0.0,0.0,4.3,ML,36.00,7.00,7,0,0.0,m,,300.0 km N of Kyrenia,50079,,,,,,,,,,,,,,,,,"",2020-04-22T10:48:15.832Z,,,,Nanometrics,0.0,
athena_event_details,20090623-1,analogue_network,2009-06-23T04:49:24Z,0.0,0.0,36.008,30.2,0.0,0.0,4.1,ML,15.00,7.00,7,0,0.0,m,Mediterranean Sea,229.0 km NW of Polis,50119,,,,,,,,,,,,,,,,,"",2020-04-22T10:48:18.039Z,,,,Nanometrics,0.0,
athena_event_details,20090619-3,analogue_network,2009-06-19T15:48:20Z,0.0,0.0,35.193,29.036,0.0,0.0,4.0,ML,10.00,7.00,7,0,0.0,m,Mediterranean Sea,310.0 km W of Polis,50123,,,,,,,,,,,,,,,,,"",2020-04-22T10:48:18.357Z,,,,Nanometrics,0.0,
athena_event_details,20090617-2,analogue_network,2009-06-17T04:29:06Z,0.0,0.0,37.085,36.204,0.0,0.0,4.6,ML,20.00,7.00,7,0,0.0,m,,298.0 km NE of Ammochostos,50136,,,,,,,,,,,,,,,,,"",2020-04-22T10:48:19.607Z,,,,Nanometrics,0.0,
athena_event_details,20090609-2,analogue_network,2009-06-09T05:27:02Z,0.0,0.0,36.125,29.477,0.0,0.0,4.3,ML,55.00,7.00,7,0,0.0,m,,294.0 km NW of Polis,50144,,,,,,,,,,,,,,,,,"",2020-04-22T10:48:20.381Z,,,,Nanometrics,0.0,
athena_event_details,20090604-1,analogue_network,2009-06-04T13:02:18Z,0.0,0.0,37.296,34.615,0.0,0.0,4.1,ML,10.00,7.00,7,0,0.0,m,,247.0 km NE of Kyrenia,50146,,,,,,,,,,,,,,,,,"",2020-04-22T10:48:20.534Z,,,,Nanometrics,0.0,
athena_event_details,20090417-1,analogue_network,2009-04-17T11:04:03Z,0.0,0.0,33.45,35.229,0.0,0.0,4.0,ML,10.00,7.00,7,0,0.0,m,,210.0 km SE of Paralimni,50198,,,,,,,,,,,,,,,,,"",2020-04-22T10:48:25.508Z,,,,Nanometrics,0.0,
athena_event_details,20090117-1,analogue_network,2009-01-17T07:45:27Z,0.0,0.0,37.598,35.679,0.0,0.0,4.5,ML,86.00,7.00,7,0,0.0,m,,316.0 km NE of Ammochostos,50258,,,,,,,,,,,,,,,,,"",2020-04-22T10:48:28.846Z,,,,Nanometrics,0.0,
athena_event_details,20081109-3,analogue_network,2008-11-09T18:23:50Z,0.0,0.0,34.687,33.95,0.0,0.0,4.1,ML,50.00,7.00,7,0,0.0,m,FELT EARTHQUAKE; Mediterranean sea,39.0 km S of Paralimni,43380,,,,,,,,,,,,,,,,,felt,2021-10-12T07:50:53.903Z,,,,Nanometrics,0.0,
athena_event_details,20081019-1,analogue_network,2008-10-19T22:20:51Z,0.0,0.0,36.993,30.359,0.0,0.0,4.1,ML,85.00,7.00,7,0,0.0,m,,287.0 km NW of Polis,50292,,,,,,,,,,,,,,,,,"",2020-04-22T10:48:30.509Z,,,,Nanometrics,0.0,
athena_event_details,20081019-4,analogue_network,2008-10-19T14:08:01Z,0.0,0.0,34.931,33.911,0.0,0.0,4.0,ML,9.00,7.00,7,0,0.0,m,FELT EARTHQUAKE,13.0 km SW of Paralimni,50295,,,,,,,,,,,,,,,,,felt,2020-04-22T10:48:30.710Z,,,,Nanometrics,0.0,
athena_event_details,20080917-2,analogue_network,2008-09-17T01:09:24Z,0.0,0.0,35.926,31.991,0.0,0.0,4.0,ML,61.00,7.00,7,0,0.0,m,Mediterranean Sea,107.0 km N of Polis,50315,,,,,,,,,,,,,,,,,"",2020-04-22T10:48:32.302Z,,,,Nanometrics,0.0,
athena_event_details,20080726-2,analogue_network,2008-07-26T04:18:29Z,0.0,0.0,35.646,30.908,0.0,0.0,4.1,ML,36.00,7.00,7,0,0.0,m,Mediterranean Sea,154.0 km NW of Polis,50366,,,,,,,,,,,,,,,,,"",2020-04-22T10:49:13.479Z,,,,Nanometrics,0.0,
athena_event_details,20080606-1,analogue_network,2008-06-06T00:12:50Z,0.0,0.0,34.446,32.809,0.0,0.0,4.0,ML,10.00,7.00,7,0,0.0,m,FELT EARTHQUAKE,33.0 km SW of Lemesos,43236,,,,,,,,,,,,,,,,,felt,2020-04-22T10:50:01.942Z,,,,Nanometrics,0.0,
athena_event_details,20080215-1,analogue_network,2008-02-15T10:36:18Z,0.0,0.0,33.526,35.446,0.0,0.0,5.1,mb,5.00,7.00,7,0,0.0,m,FELT EARTHQUAKE,215.0 km SE of Paralimni,43200,,,,,,,,,,,,,,,,,felt,2020-04-22T10:50:01.851Z,,,,Nanometrics,0.0,
athena_event_details,20080211-1,analogue_network,2008-02-11T23:47:03Z,0.0,0.0,33.375,35.39,0.0,0.0,4.2,ML,15.00,7.00,7,0,0.0,m,,225.0 km SE of Paralimni,50446,,,,,,,,,,,,,,,,,"",2020-04-22T10:49:12.990Z,,,,Nanometrics,0.0,
athena_event_details,20071103-2,analogue_network,2007-11-03T03:43:07Z,0.0,0.0,36.594,31.045,0.0,0.0,4.0,ML,51.00,7.00,7,0,0.0,m,Mediterranean Sea,214.0 km NW of Polis,50493,,,,,,,,,,,,,,,,,"",2020-04-22T10:49:21.055Z,,,,Nanometrics,0.0,
athena_event_details,20071031-2,analogue_network,2007-10-31T17:58:24Z,0.0,0.0,36.593,29.318,0.0,0.0,4.5,ML,25.00,7.00,7,0,0.0,m,,330.0 km NW of Polis,50496,,,,,,,,,,,,,,,,,"",2020-04-22T10:49:21.366Z,,,,Nanometrics,0.0,
athena_event_details,20071029-1,analogue_network,2007-10-29T19:41:58Z,0.0,0.0,36.516,30.168,0.0,0.0,4.3,ML,25.00,7.00,7,0,0.0,m,,263.0 km NW of Polis,50498,,,,,,,,,,,,,,,,,"",2020-04-22T10:48:42.605Z,,,,Nanometrics,0.0,
athena_event_details,20070726-1,analogue_network,2007-07-26T09:28:18Z,0.0,0.0,35.048,33.189,0.0,0.0,4.0,ML,54.00,7.00,7,0,0.0,m,FELT EARTHQUAKE,21.0 km SW of Lefkosia,43075,,,,,,,,,,,,,,,,,felt,2020-04-22T10:50:01.185Z,,,,Nanometrics,0.0,
athena_event_details,20070518-1,analogue_network,2007-05-18T23:27:39Z,0.0,0.0,37.917,33.479,0.0,0.0,4.4,ML,56.00,7.00,7,0,0.0,m,,287.0 km N of Kyrenia,50580,,,,,,,,,,,,,,,,,"",2020-04-22T10:49:28.604Z,,,,Nanometrics,0.0,
athena_event_details,20070411-1,analogue_network,2007-04-11T10:06:41Z,0.0,0.0,37.584,30.258,0.0,0.0,4.1,ML,66.00,7.00,7,0,0.0,m,,344.0 km NW of Polis,50600,,,,,,,,,,,,,,,,,"",2020-04-22T10:49:29.846Z,,,,Nanometrics,0.0,
athena_event_details,20070411-2,analogue_network,2007-04-11T08:59:17Z,0.0,0.0,37.963,30.841,0.0,0.0,4.3,ML,66.00,7.00,7,0,0.0,m,,355.0 km NW of Polis,50601,,,,,,,,,,,,,,,,,"",2020-04-22T10:49:29.920Z,,,,Nanometrics,0.0,
athena_event_details,20070410-3,analogue_network,2007-04-10T21:39:21Z,0.0,0.0,37.865,30.681,0.0,0.0,4.4,ML,56.00,7.00,7,0,0.0,m,,352.0 km NW of Polis,50606,,,,,,,,,,,,,,,,,"",2020-04-22T10:49:30.440Z,,,,Nanometrics,0.0,
athena_event_details,20070330-3,analogue_network,2007-03-30T17:29:53Z,0.0,0.0,37.935,30.587,0.0,0.0,4.1,ML,25.00,7.00,7,0,0.0,m,,362.0 km NW of Polis,50615,,,,,,,,,,,,,,,,,"",2020-04-22T10:49:31.096Z,,,,Nanometrics,0.0,
athena_event_details,20070222-1,analogue_network,2007-02-22T20:49:26Z,0.0,0.0,37.854,35.073,0.0,0.0,4.1,ML,61.00,7.00,7,0,0.0,m,,320.0 km NE of Kyrenia,50636,,,,,,,,,,,,,,,,,"",2020-04-22T10:49:32.413Z,,,,Nanometrics,0.0,
athena_event_details,20070206-3,analogue_network,2007-02-06T01:58:18Z,0.0,0.0,36.108,29.853,0.0,0.0,4.4,ML,20.00,7.00,7,0,0.0,m,,262.0 km NW of Polis,50657,,,,,,,,,,,,,,,,,"",2020-04-22T10:49:33.786Z,,,,Nanometrics,0.0,
athena_event_details,20070118-3,analogue_network,2007-01-18T19:57:52Z,0.0,0.0,35.639,31.108,0.0,0.0,4.4,ML,25.00,7.00,7,0,0.0,m,FELT EARTHQUAKE; Mediterranean sea,138.0 km NW of Polis,42949,,,,,,,,,,,,,,,,,felt,2021-10-12T07:58:36.171Z,,,,Nanometrics,0.0,
athena_event_details,20070118-6,analogue_network,2007-01-18T19:48:09Z,0.0,0.0,35.686,30.907,0.0,0.0,4.1,ML,25.00,7.00,7,0,0.0,m,FELT EARTHQUAKE; Mediterranean sea,156.0 km NW of Polis,50676,,,,,,,,,,,,,,,,,felt,2021-10-12T07:57:00.717Z,,,,Nanometrics,0.0,
athena_event_details,20070118-7,analogue_network,2007-01-18T13:06:42Z,0.0,0.0,37.551,30.515,0.0,0.0,4.0,ML,55.00,7.00,7,0,0.0,m,,329.0 km NW of Polis,50677,,,,,,,,,,,,,,,,,"",2020-04-22T10:49:35.277Z,,,,Nanometrics,0.0,
athena_event_details,20061015-1,analogue_network,2006-10-15T01:35:10Z,0.0,0.0,34.942,33.959,0.0,0.0,4.4,ML,32.00,7.00,7,0,0.0,m,FELT EARTHQUAKE,10.0 km S of Paralimni,42884,,,,,,,,,,,,,,,,,felt,2020-04-22T10:50:00.732Z,,,,Nanometrics,0.0,
athena_event_details,20061009-1,analogue_network,2006-10-09T05:01:26Z,0.0,0.0,36.131,36.29,0.0,0.0,4.3,ML,55.00,7.00,7,0,0.0,m,,240.0 km NE of Ammochostos,50744,,,,,,,,,,,,,,,,,"",2020-04-22T10:41:25.953Z,,,,Nanometrics,0.0,
athena_event_details,20060919-2,analogue_network,2006-09-19T00:28:48Z,0.0,0.0,37.025,35.551,0.0,0.0,4.1,ML,45.00,7.00,7,0,0.0,m,,256.0 km NE of Ammochostos,50756,,,,,,,,,,,,,,,,,"",2020-04-22T10:50:55.401Z,,,,Nanometrics,0.0,
athena_event_details,20060909-1,analogue_network,2006-09-09T04:58:09Z,0.0,0.0,32.08,35.809,0.0,0.0,4.1,ML,25.00,7.00,7,0,0.0,m,,369.0 km SE of Paralimni,50759,,,,,,,,,,,,,,,,,"",2020-04-22T10:50:55.681Z,,,,Nanometrics,0.0,
athena_event_details,20060329-1,analogue_network,2006-03-29T22:05:14Z,0.0,0.0,35.375,35.557,0.0,0.0,4.5,ML,55.00,7.00,7,0,0.0,m,Mediterranean Sea,148.0 km E of Paralimni,50858,,,,,,,,,,,,,,,,,"",2020-04-22T10:51:02.301Z,,,,Nanometrics,0.0,
athena_event_details,20060122-1,analogue_network,2006-01-22T14:26:28Z,0.0,0.0,36.432,34.654,0.0,0.0,4.1,ML,25.00,7.00,7,0,0.0,m,Mediterranean Sea,159.0 km NE of Ammochostos,50898,,,,,,,,,,,,,,,,,"",2020-04-22T10:51:04.242Z,,,,Nanometrics,0.0,
athena_event_details,20050808-1,analogue_network,2005-08-08T08:50:02Z,0.0,0.0,36.64,31.498,0.0,0.0,4.1,ML,35.00,7.00,7,0,0.0,m,,198.0 km NW of Polis,50986,,,,,,,,,,,,,,,,,"",2020-04-22T10:51:10.463Z,,,,Nanometrics,0.0,
athena_event_details,20050516-2,analogue_network,2005-05-16T14:24:12Z,0.0,0.0,36.295,29.917,0.0,0.0,4.0,ML,55.00,7.00,7,0,0.0,m,,267.0 km NW of Polis,51049,,,,,,,,,,,,,,,,,"",2020-04-22T10:51:15.213Z,,,,Nanometrics,0.0,
athena_event_details,20050515-3,analogue_network,2005-05-15T10:17:19Z,0.0,0.0,36.121,31.628,0.0,0.0,4.0,ML,25.00,7.00,7,0,0.0,m,Mediterranean Sea,141.0 km NW of Polis,51053,,,,,,,,,,,,,,,,,"",2020-04-22T10:51:15.458Z,,,,Nanometrics,0.0,
athena_event_details,20050514-2,analogue_network,2005-05-14T23:46:49Z,0.0,0.0,35.717,31.704,0.0,0.0,4.9,ML,50.00,7.00,7,0,0.0,m,FELT EARTHQUAKE; Mediterranean sea,101.0 km NW of Polis,42552,,,,,,,,,,,,,,,,,felt,2021-10-12T09:24:58.124Z,,,,Nanometrics,0.0,
athena_event_details,20050514-3,analogue_network,2005-05-14T17:48:27Z,0.0,0.0,36.366,31.237,0.0,0.0,4.2,ML,25.00,7.00,7,0,0.0,m,Mediterranean Sea,183.0 km NW of Polis,51054,,,,,,,,,,,,,,,,,"",2020-04-22T10:51:15.609Z,,,,Nanometrics,0.0,
athena_event_details,20050125-1,analogue_network,2005-01-25T16:05:59Z,0.0,0.0,36.41,34.699,0.0,0.0,4.1,ML,55.00,7.00,7,0,0.0,m,Mediterranean Sea,159.0 km NE of Ammochostos,51138,,,,,,,,,,,,,,,,,"",2020-04-22T10:51:19.728Z,,,,Nanometrics,0.0,
athena_event_details,20050123-1,analogue_network,2005-01-23T22:36:08Z,0.0,0.0,35.8,29.693,0.0,0.0,5.8,Mw,30.00,7.00,7,0,0.0,m,FELT EARTHQUAKE; Mediterranean sea,263.0 km W of Polis,42454,,,,,,,,,,,,,,,,,felt,2021-10-12T09:29:32.709Z,,,,Nanometrics,0.0,
athena_event_details,20041225-1,analogue_network,2004-12-25T19:56:23Z,0.0,0.0,34.648,32.199,0.0,0.0,4.1,ML,25.00,7.00,7,0,0.0,m,FELT EARTHQUAKE; Mediterranean sea,24.0 km SW of Pafos,42424,,,,,,,,,,,,,,,,,felt,2021-10-12T09:31:15.412Z,,,,Nanometrics,0.0,
athena_event_details,20041114-1,analogue_network,2004-11-14T20:41:41Z,0.0,0.0,37.085,31.191,0.0,0.0,4.0,ML,50.00,7.00,7,0,0.0,m,,254.0 km NW of Polis,46010,,,,,,,,,,,,,,,,,"",2020-04-22T10:51:57.532Z,,,,Nanometrics,0.0,
athena_event_details,20041016-1,analogue_network,2004-10-16T15:28:30Z,0.0,0.0,34.432,33.286,0.0,0.0,4.5,ML,30.00,7.00,7,0,0.0,m,FELT EARTHQUAKE; Mediterranean sea,36.0 km SE of Lemesos,42371,,,,,,,,,,,,,,,,,felt,2021-10-12T09:32:30.195Z,,,,Nanometrics,0.0,
athena_event_details,20040928-2,analogue_network,2004-09-28T08:02:57Z,0.0,0.0,36.991,34.55,0.0,0.0,4.2,ML,56.00,7.00,7,0,0.0,m,,214.0 km NE of Kyrenia,46039,,,,,,,,,,,,,,,,,"",2020-04-22T10:51:59.583Z,,,,Nanometrics,0.0,
athena_event_details,20040612-1,analogue_network,2004-06-12T17:45:42Z,0.0,0.0,35.912,30.659,0.0,0.0,4.0,ML,36.00,7.00,7,0,0.0,m,Mediterranean Sea,188.0 km NW of Polis,46146,,,,,,,,,,,,,,,,,"",2020-04-22T10:53:02.255Z,,,,Nanometrics,0.0,
athena_event_details,20040518-4,analogue_network,2004-05-18T02:31:34Z,0.0,0.0,34.625,33.312,0.0,0.0,4.0,ML,10.00,7.00,7,0,0.0,m,FELT EARTHQUAKE,26.0 km E of Lemesos,42204,,,,,,,,,,,,,,,,,felt,2020-04-22T10:49:58.839Z,,,,Nanometrics,0.0,
athena_event_details,20040514-1,analogue_network,2004-05-14T16:34:23Z,0.0,0.0,37.328,29.419,0.0,0.0,4.3,ML,25.00,7.00,7,0,0.0,m,,372.0 km NW of Polis,46212,,,,,,,,,,,,,,,,,"",2020-04-22T10:53:06.529Z,,,,Nanometrics,0.0,
athena_event_details,20040228-1,analogue_network,2004-02-28T16:32:51Z,0.0,0.0,37.075,30.479,0.0,0.0,4.1,ML,25.00,7.00,7,0,0.0,m,,287.0 km NW of Polis,46284,,,,,,,,,,,,,,,,,"",2020-04-22T10:53:10.409Z,,,,Nanometrics,0.0,
athena_event_details,20040211-3,analogue_network,2004-02-11T00:52:31Z,0.0,0.0,36.058,29.581,0.0,0.0,4.4,ML,61.00,7.00,7,0,0.0,m,,282.0 km NW of Polis,46295,,,,,,,,,,,,,,,,,"",2020-04-22T10:53:11.544Z,,,,Nanometrics,0.0,
athena_event_details,20040208-1,analogue_network,2004-02-08T11:21:18Z,0.0,0.0,33.777,36.614,0.0,0.0,4.0,ML,66.00,7.00,7,0,0.0,m,,279.0 km SE of Paralimni,46299,,,,,,,,,,,,,,,,,"",2020-04-22T10:53:11.824Z,,,,Nanometrics,0.0,
athena_event_details,20031230-1,analogue_network,2003-12-30T04:07:31Z,0.0,0.0,33.722,31.445,0.0,0.0,4.2,ML,21.00,7.00,7,0,0.0,m,Mediterranean Sea,147.0 km SW of Pafos,48329,,,,,,,,,,,,,,,,,"",2014-04-08T12:00:17.000Z,,,,Nanometrics,0.0,
athena_event_details,20031119-1,analogue_network,2003-11-19T04:32:23Z,0.0,0.0,37.682,36.141,0.0,0.0,4.2,ML,36.00,7.00,7,0,0.0,m,,346.0 km NE of Ammochostos,48345,,,,,,,,,,,,,,,,,"",2020-04-22T10:42:54.443Z,,,,Nanometrics,0.0,
athena_event_details,20031103-1,analogue_network,2003-11-03T13:55:27Z,0.0,0.0,34.701,33.064,0.0,0.0,4.0,ML,10.00,7.00,7,0,0.0,m,FELT EARTHQUAKE,4.0 km NE of Lemesos,42025,,,,,,,,,,,,,,,,,felt,2020-04-22T10:49:58.273Z,,,,Nanometrics,0.0,
athena_event_details,20030723-1,analogue_network,2003-07-23T04:56:14Z,0.0,0.0,37.921,29.479,0.0,0.0,4.7,ML,25.00,7.00,7,0,0.0,m,,416.0 km NW of Polis,48406,,,,,,,,,,,,,,,,,"",2020-04-22T10:42:57.264Z,,,,Nanometrics,0.0,
athena_event_details,20030717-1,analogue_network,2003-07-17T06:30:53Z,0.0,0.0,35.981,31.276,0.0,0.0,4.2,ML,40.00,7.00,7,0,0.0,m,Mediterranean Sea,149.0 km NW of Polis,48407,,,,,,,,,,,,,,,,,"",2020-04-22T10:42:57.365Z,,,,Nanometrics,0.0,
athena_event_details,20030513-2,analogue_network,2003-05-13T19:52:36Z,0.0,0.0,35.05,34.324,0.0,0.0,4.2,ML,31.00,7.00,7,0,0.0,m,FELT EARTHQUAKE; Mediterranean sea,31.0 km E of Paralimni,41930,,,,,,,,,,,,,,,,,felt,2021-10-12T10:49:08.990Z,,,,Nanometrics,0.0,
athena_event_details,20030503-2,analogue_network,2003-05-03T11:22:41Z,0.0,0.0,37.046,31.649,0.0,0.0,5.0,ML,71.00,7.00,7,0,0.0,m,FELT EARTHQUAKE,235.0 km N of Polis,48459,,,,,,,,,,,,,,,,,felt,2020-04-22T10:43:00.605Z,,,,Nanometrics,0.0,
athena_event_details,20030409-1,analogue_network,2003-04-09T17:19:47Z,0.0,0.0,36.442,31.239,0.0,0.0,4.8,ML,46.00,7.00,7,0,0.0,m,Mediterranean Sea,190.0 km NW of Polis,48471,,,,,,,,,,,,,,,,,"",2020-04-22T10:43:01.535Z,,,,Nanometrics,0.0,
athena_event_details,20030319-1,analogue_network,2003-03-19T21:50:28Z,0.0,0.0,35.269,31.912,0.0,0.0,4.1,ML,25.00,7.00,7,0,0.0,m,FELT EARTHQUAKE; Mediterranean sea,54.0 km NW of Polis,48485,,,,,,,,,,,,,,,,,felt,2021-10-12T10:54:01.369Z,,,,Nanometrics,0.0,
athena_event_details,20030226-1,analogue_network,2003-02-26T03:08:25Z,0.0,0.0,36.123,36.007,0.0,0.0,4.2,ML,55.00,7.00,7,0,0.0,m,,217.0 km NE of Ammochostos,48495,,,,,,,,,,,,,,,,,"",2020-04-22T10:43:02.713Z,,,,Nanometrics,0.0,
athena_event_details,20021031-2,analogue_network,2002-10-31T14:51:32Z,0.0,0.0,36.295,30.967,0.0,0.0,4.1,ML,55.00,7.00,7,0,0.0,m,Mediterranean Sea,193.0 km NW of Polis,46358,,,,,,,,,,,,,,,,,"",2020-04-22T10:53:16.043Z,,,,Nanometrics,0.0,
athena_event_details,20021025-2,analogue_network,2002-10-25T01:56:46Z,0.0,0.0,34.982,32.743,0.0,0.0,4.3,ML,38.00,7.00,7,0,0.0,m,FELT EARTHQUAKE,29.0 km E of Polis,46362,,,,,,,,,,,,,,,,,felt,2020-04-22T10:53:16.359Z,,,,Nanometrics,0.0,
athena_event_details,20021019-1,analogue_network,2002-10-19T04:58:48Z,0.0,0.0,36.486,29.346,0.0,0.0,4.0,ML,25.00,7.00,7,0,0.0,m,,322.0 km NW of Polis,46367,,,,,,,,,,,,,,,,,"",2020-04-22T10:53:16.531Z,,,,Nanometrics,0.0,
athena_event_details,20020929-3,analogue_network,2002-09-29T11:44:20Z,0.0,0.0,37.502,36.279,0.0,0.0,4.1,ML,50.00,7.00,7,0,0.0,m,,337.0 km NE of Ammochostos,46388,,,,,,,,,,,,,,,,,"",2020-04-22T10:53:18.226Z,,,,Nanometrics,0.0,
athena_event_details,20020715-2,analogue_network,2002-07-15T06:53:52Z,0.0,0.0,35.291,31.443,0.0,0.0,4.2,ML,25.00,7.00,7,0,0.0,m,Mediterranean Sea,94.0 km W of Polis,46437,,,,,,,,,,,,,,,,,"",2020-04-22T10:53:21.982Z,,,,Nanometrics,0.0,
athena_event_details,20020630-2,analogue_network,2002-06-30T01:59:16Z,0.0,0.0,35.884,31.58,0.0,0.0,4.0,ML,25.00,7.00,7,0,0.0,m,Mediterranean Sea,122.0 km NW of Polis,46445,,,,,,,,,,,,,,,,,"",2020-04-22T10:53:22.353Z,,,,Nanometrics,0.0,
athena_event_details,20020221-1,analogue_network,2002-02-21T04:27:06Z,0.0,0.0,33.499,32.294,0.0,0.0,4.0,ML,44.00,7.00,7,0,0.0,m,Mediterranean Sea,141.0 km S of Pafos,46535,,,,,,,,,,,,,,,,,"",2014-05-13T10:54:49.000Z,,,,Nanometrics,0.0,
athena_event_details,20020214-1,analogue_network,2002-02-14T22:41:42Z,0.0,0.0,35.857,31.697,0.0,0.0,4.1,ML,25.00,7.00,7,0,0.0,m,Mediterranean Sea,113.0 km NW of Polis,46542,,,,,,,,,,,,,,,,,"",2020-04-22T10:54:08.312Z,,,,Nanometrics,0.0,
athena_event_details,20020117-2,analogue_network,2002-01-17T02:48:37Z,0.0,0.0,37.617,31.392,0.0,0.0,4.0,ML,25.00,7.00,7,0,0.0,m,,302.0 km N of Polis,46566,,,,,,,,,,,,,,,,,"",2020-04-22T10:54:09.705Z,,,,Nanometrics,0.0,
athena_event_details,20011112-2,analogue_network,2001-11-12T13:59:15Z,0.0,0.0,36.49,35.555,0.0,0.0,4.2,ML,70.00,7.00,7,0,0.0,m,,210.0 km NE of Ammochostos,46615,,,,,,,,,,,,,,,,,"",2020-04-22T10:54:12.869Z,,,,Nanometrics,0.0,
athena_event_details,20011110-3,analogue_network,2001-11-10T02:23:56Z,0.0,0.0,34.941,32.509,0.0,0.0,4.1,ML,10.00,7.00,7,0,0.0,m,FELT EARTHQUAKE,12.0 km SE of Polis,46619,,,,,,,,,,,,,,,,,felt,2020-04-22T10:54:13.358Z,,,,Nanometrics,0.0,
athena_event_details,20011105-1,analogue_network,2001-11-05T01:43:36Z,0.0,0.0,36.615,31.443,0.0,0.0,4.1,ML,25.00,7.00,7,0,0.0,m,Mediterranean Sea,197.0 km NW of Polis,46622,,,,,,,,,,,,,,,,,"",2020-04-22T10:54:13.600Z,,,,Nanometrics,0.0,
athena_event_details,20011031-1,analogue_network,2001-10-31T12:33:54Z,0.0,0.0,37.306,36.077,0.0,0.0,4.7,ML,10.00,7.00,7,0,0.0,m,,309.0 km NE of Ammochostos,46629,,,,,,,,,,,,,,,,,"",2020-04-22T10:54:14.094Z,,,,Nanometrics,0.0,
athena_event_details,20011030-2,analogue_network,2001-10-30T21:00:14Z,0.0,0.0,36.051,30.184,0.0,0.0,4.6,ML,36.00,7.00,7,0,0.0,m,Mediterranean Sea,233.0 km NW of Polis,46632,,,,,,,,,,,,,,,,,"",2020-04-22T10:54:14.429Z,,,,Nanometrics,0.0,
athena_event_details,20011018-1,analogue_network,2001-10-18T15:50:31Z,0.0,0.0,37.178,34.952,0.0,0.0,4.5,ML,33.00,7.00,7,0,0.0,m,,246.0 km N of Ammochostos,46639,,,,,,,,,,,,,,,,,"",2020-04-22T10:54:14.860Z,,,,Nanometrics,0.0,
athena_event_details,20010925-1,analogue_network,2001-09-25T11:53:37Z,0.0,0.0,35.644,32.506,0.0,0.0,4.3,ML,36.00,7.00,7,0,0.0,m,Mediterranean Sea,66.0 km NW of Morphou,46660,,,,,,,,,,,,,,,,,felt,2020-04-22T10:54:15.811Z,,,,Nanometrics,0.0,
athena_event_details,20010917-1,analogue_network,2001-09-17T18:41:31Z,0.0,0.0,36.066,31.433,0.0,0.0,4.1,ML,25.00,7.00,7,0,0.0,m,Mediterranean Sea,146.0 km NW of Polis,46669,,,,,,,,,,,,,,,,,"",2020-04-22T10:54:16.392Z,,,,Nanometrics,0.0,
athena_event_details,20010901-1,analogue_network,2001-09-01T19:22:46Z,0.0,0.0,34.866,33.751,0.0,0.0,4.0,ML,40.00,7.00,7,0,0.0,m,FELT EARTHQUAKE,12.0 km SE of Larnaka,46682,,,,,,,,,,,,,,,,,felt,2020-04-22T10:54:17.019Z,,,,Nanometrics,0.0,
athena_event_details,20010330-1,analogue_network,2001-03-30T15:31:01Z,0.0,0.0,37.897,30.388,0.0,0.0,4.2,ML,25.00,7.00,7,0,0.0,m,,367.0 km NW of Polis,46828,,,,,,,,,,,,,,,,,"",2020-04-22T10:54:24.599Z,,,,Nanometrics,0.0,
athena_event_details,20010117-1,analogue_network,2001-01-17T12:10:00Z,0.0,0.0,37.007,35.98,0.0,0.0,4.7,ML,25.00,7.00,7,0,0.0,m,,278.0 km NE of Ammochostos,46888,,,,,,,,,,,,,,,,,"",2020-04-22T10:54:27.767Z,,,,Nanometrics,0.0,
athena_event_details,20001216-3,analogue_network,2000-12-16T14:27:11Z,0.0,0.0,34.428,33.058,0.0,0.0,4.3,ML,30.00,7.00,7,0,0.0,m,FELT EARTHQUAKE; Mediterranean sea,28.0 km S of Lemesos,46910,,,,,,,,,,,,,,,,,felt,2021-10-12T11:10:52.800Z,,,,Nanometrics,0.0,
athena_event_details,20000724-1,analogue_network,2000-07-24T00:04:08Z,0.0,0.0,36.444,31.626,0.0,0.0,4.1,ML,25.00,7.00,7,0,0.0,m,,173.0 km NW of Polis,47026,,,,,,,,,,,,,,,,,"",2020-04-22T10:55:28.565Z,,,,Nanometrics,0.0,
athena_event_details,20000527-1,analogue_network,2000-05-27T07:49:33Z,0.0,0.0,36.123,34.963,0.0,0.0,4.3,ML,25.00,7.00,7,0,0.0,m,Mediterranean Sea,145.0 km NE of Ammochostos,47090,,,,,,,,,,,,,,,,,"",2020-04-22T10:55:32.264Z,,,,Nanometrics,0.0,
athena_event_details,20000512-1,analogue_network,2000-05-12T03:01:50Z,0.0,0.0,36.91,35.836,0.0,0.0,4.6,ML,50.00,7.00,7,0,0.0,m,,262.0 km NE of Ammochostos,47105,,,,,,,,,,,,,,,,,"",2020-04-22T10:55:33.038Z,,,,Nanometrics,0.0,
athena_event_details,20000503-1,analogue_network,2000-05-03T03:11:45Z,0.0,0.0,36.696,29.615,0.0,0.0,4.5,ML,25.00,7.00,7,0,0.0,m,,314.0 km NW of Polis,47118,,,,,,,,,,,,,,,,,"",2020-04-22T10:55:33.873Z,,,,Nanometrics,0.0,
athena_event_details,20000315-2,analogue_network,2000-03-15T07:41:33Z,0.0,0.0,35.488,31.109,0.0,0.0,4.1,ML,25.00,7.00,7,0,0.0,m,Mediterranean Sea,130.0 km W of Polis,47184,,,,,,,,,,,,,,,,,"",2020-04-22T10:55:37.647Z,,,,Nanometrics,0.0,
